news_source,news_text,news_thread,news_time,news_title,news_url,source_url
举报,"先要跟大家说一声抱歉，今天生病，出稿子太晚了，抱歉抱歉，下面我会说明生病的原因...,有人说“烦恼是水溶性的”，洗个热水澡，很多烦恼就不见了。,我觉得，压力其实是“脂溶性的”没有一份美食解决不了的压力。,上周五晚上赶稿子，我为了提神醒脑，吃了2袋,面+1根鹅肝肠+11瓣腊八蒜+1个溏心鸡蛋+1瓶冰啤酒，吃完感觉很爽啊~,自作孽不可活，然后就引发了肠炎...拉了一个周末，每小时至少去一次厕所，最后拉到出现脱水症状：“低烧、浑身无力、头晕脑涨、恶心肚痛”,还好，这个时候很多关心我的易友对我的健康问题进行了亲切的问候。,今天周一上班，我对一次吃2袋火鸡面的危险行为进行了深刻反思，决定中午只吃10个水煎包，1碗酸辣汤养养胃~,有一名网友劝我吃四袋？嗯，确实不会这样了，人直接走了~你有毒！还是鹤顶红那种剧毒，想直接送走我没那么容易！,在这里先要感谢大家的关心，虽然肠炎发作，工作不能耽误！欢迎各位易友来我的圈子“包小姐的职工食堂”逛逛，这里有国产偷拍（我偷拍其他小编）、网友自制（自发分享）、以及网易公司内部生活的日常，欢迎大家~,下面开始咱们今天的轻松一刻~完全停不下来那种~,要说工作遇到困难的事情，我都能想办法解决。但是“如何在发生性关系时，降低感染病毒风险？”我实在没想到什么好办法。,太扯了吧！大冬天的，谁离这么远发生性行为？-1.5米的距离还差不多！看来专家平时都是盘在腰上的，不然怎么能说出这么切合实际的方法。,想问问专家，下面这种情况，你能给盘一下吗？,1月9日，河南新乡。熊女士带着养了七年的,晒太阳结果忘了拿回去。当晚温度-17℃，第二天早上乌龟四肢冻僵，熊女士尝试多种方法后仍未见效。可当熊女士杀了一只,，准备加上乌龟做一道“霸王别姬”的时候，锅里的乌龟竟苏醒过来......,
	,
	,
						,
						,
					,众所周知，龟息神功是真实存在的，不得不说，这家伙的生命力是真的强！,乌鸡：你好，哈喽！还有人在吗？,乌龟啊乌龟，你要是早点醒过来，乌鸡是不是不用死了？？,说好的霸王别姬，只有姬真死了… 霸王苟且偷生，这样好吗？这样不好。。。,你们都心疼乌龟，可乌鸡才是最惨的，陪着下葬结果自己死了乌龟活了，乌鸡那可是百分百被吃了！,然而有网友指出，这个冻死又复活的龟龟是摆拍，前后并不是同一只乌龟~,我就说嘛，有谁忍心吃掉自己养了7年的宠物呢？拿乌龟和鸡做“霸王别姬”也真是很有想象力~,然而下面这件事，是我万万没想到的。,（东北室外饮料柜居然要加热...）,海南下雪了！！！！（好吧，海南果然东北的一部分，开玩笑的！）,1月8日，贵阳的付先生到家附近一洗浴中心搓澡，搓完澡冲水时发现，左腿胫骨前侧的皮肤被搓掉了十余厘米一块。付先生：“搓好了澡，去冲水时，小腿前侧一阵辣痛。”事后他向洗浴中心索要赔偿1万元，最终以6500元达成协议。,
	,
	,
						,
						,
					,好家伙，这是拿砂纸搓的？？？,猜测：大爷看见这位新来的搓澡工，出于礼貌，问了一句“吃饭了吗？”,从东北挖来的师傅哪听得了这话，这不等于在东北说：“喝不下去别喝了”一样吗？就加了一点力。。。,不过搓澡能搓成这样，搓澡师傅也要懂得因人而异的道理。老年人，脂肪少，皮肤薄，还真得悠着点。,你看你给大爷搓的，腿破皮了，老伴儿要天天七点起来做早饭，还要还要端屎端尿？我的天，都搓到生活都不能自理了…,不知道大家是否体验过真正的洗浴，反正跟你印象中的那种完全不一样。,虽然东北的洗浴很出名，其实搓澡这个东西，最出名的是“扬州搓澡”，有句话叫“早上皮包水，午后水包皮”，这其实是部分扬州市民的日常生活，皮包水也就是扬州包子；水包皮，也就是午后到澡堂子搓澡，顺便修脚。,每个地区都有属于这个地区的特色，说起台湾省大家能想到什么呢？多数人应该会想到偶像剧里嗲嗲的口音吧~,前段时间，一位台湾的女司机在开车过程中遭到了抢劫。劫匪上车后，先是威胁女司机，要求她拿出身上所有的钱。然而劫匪逐渐得寸进尺，终于激怒了女司机，女司机爆发，直接把劫匪骂哭了。。。,
	,
	,
						,
						,
					,据报道，在车主报警后，匪徒只逃亡了16分钟就被抓了....,哦，对了...400块台币，相当于人民币92块....终于知道他为啥让司机送他去阿姨家了，这点钱打车恐怕都不够。再次提醒：抢劫有风险，不要以身试法。,我咋觉得台湾腔的劫匪讲话~比我东北朋友还要温柔呢？？？,有点想看东北人和台湾人吵架的视频，台湾话能不能以柔克刚。。。,（有没有看成boqi的？）,然有些时候，做人并不能讲太多道理，面对一些无赖，更需要一些强力手段~,近日，湖北宜昌。西陵区某超市内一老人用蔬菜砸打收银员，疑因插队未果。超市员工告诉澎湃新闻，已报警，安抚员工并发放奖励。,
	,
	,
						,
						,
					,隔着屏幕看得都生气，为什么会有这样的人？,这种人最可气的就是，自己不要脸，还欺负别人。倚老卖老，脸上挂不住了就耍无赖。,超市的做法很好，安抚和奖励员工，并且报警……这种坏老头，等着受罚吧！,有网友说：我要是员工，我不需要奖励，我需要抽回去！,咱不能这样，你跟他比什么？？“我不咬人，我比狗强”不能这么比，能接受法律的制裁才是最正确的手段。,但有时候，总有些不法分子做违法的事情，损害大众的利益。,1月9日，有消费者反映，贵阳多个农贸市场所销售,均出现“掉色”情况，只需用纸巾在香葱上轻轻擦拭，纸巾就会被染成蓝色。记者从当地市场监督管理局获悉，香葱之所以掉色是因为添加了蓝矾用于保鲜，长期食用对身体有害。,
	,
	,
						,
						,
					,相关人员：“冬天气温低，葱容易腐败.......”,？？？？所以我把蔬菜放冰箱，其实是加速了蔬菜腐败？？？？？,果然，各行各业都充满了潜规则啊，只是这也太没底线了，葱值几个钱？,听说过老黄瓜刷绿漆，没听说过葱也刷的？是不是应该颁发诺贝尔化学奖?,蓝矾一般指五水硫酸铜。五水硫酸铜是一种无机化合物，也被称作硫酸铜晶体，为了与“无水硫酸铜”区别，通常读作“五水合硫酸铜”，化学式为CuSO4·5H2O，俗称蓝矾、胆矾或铜矾。,人体过量摄入可能会导致铜中毒，严重者甚至会导致肾衰竭而死亡，目前是禁止在食品中添加或使用的。,怎么说呢，吃菜还是吃自己种的最安全，只有自己才能心疼自己，别人除了父母，有几个人会心疼你呢？,话说，拼多多女员工猝死的事情一波未平，如今一波又起。日前拼多多员工@王太虚wray，在某社交平台上匿名发布""救护车进入拼多多拉走同事""并配文“第二位拼多多猛士倒下了”，在网络引起轩然大波。,针对员工王某（花名太虚）在网络平台发布不实视频讯息，自称“《因为看到同事被抬上救护车我被拼多多开除了》”一事，拼多多人力资源部发布的情况说明表示，王某被公司解约，并非因为其在匿名社区发布了“救护车照片”，而是公司事后调查发现王某多次在这一匿名社区发布带有显著恶意的“极端言论”，违反了员工手册中双方约定的行为规范。于是决定与其解约。,员工@王太虚wray之前发布的视频如下↓叙述了整个事件，对此事感兴趣的朋友们可以观看。（趁早看，以后也许就没了）,
	,
	,
						,
						,
					,（只是公司想不想查你的问题，想查，匿名也没用）,拼多多加班工作380小时不极端？员工发个贴吐槽一下就是极端？,先说匿名问题，一般大的互联网公司，后台也是看不到的，因为机密信息都被编码存储，显示时通过解码获取。,1、两家公司有PY交易,2、黑客解码,无论什么原因，脉脉所谓的匿名制，形同虚设。,另外，他说了什么极端言论？他把拼多多干的事情说了一遍，他把拼多多的日常工作时间和管理方式说一遍就是极端言论了？,哪个员工不抱怨自己公司两句的，这也有理由开除，拼多多您真是玻璃心了，拼死干活完了得不到同等待遇完了还得使劲赞美您是吗？,相比之下，我怎么觉得拼多多更极端呢？动不动就砍一刀，“砍一刀”是极端言论，涉嫌威胁客户！,员工：你不是喜欢砍一刀吗？那我就砍一刀咯~,确实，现在的工作不好找，大部分人都是为了生活不敢反抗，只能默默接受，看着身体一天一天跨下去，没有任何办法，而这位拼多多的朋友，因为目睹同事被抬上救护车而被开除，冒着会被其他公司抵制的风险出来为打工人发声，你是真的很勇啊！,正如之前常说的那句，解决提出问题的人终究是不能真正解决问题，今天我作为打工人，也要提拼多多的这位兄弟发一次声~希望这件事能顺利解决，未来你能够一切顺利！加油！,最后，我还要给正在经受疫情考研的地方加个油！河北加油，黑龙江加油，辽宁加油，北京加油，吉林加油！,这一年真的是，光加油了····希望快点好起来吧...,好了，今天的一刻就先到这里了，我要去上厕所了。。。,嗯，是挺好。,如果是男医生就更完美了。,关于打工人的一些事实。,我发现了一个美女，不知道大家喜不喜欢。,为什么喉结会这么大？？？,？？？确定这不是游戏吗？,你也想起舞吗？？？,裁缝的智商确实高...,怪兽一定是来拯救我们的吧？！一定是吧？！,不是广告，胜似广告。,这个体重怕是也跑不动了...,我其实是一个体育迷，尤其喜欢撑杆跳。,【真人开塞露】大象便秘了，人就要充当开塞露,
	,
	,
						,
						,
					,【楼上有猫！】励志！它只是一只老鼠，徒手爬了30层楼,
	,
	,
						,
						,
					,【一个人能有多倒霉】人间倒霉蛋全纪录,
	,
	,
						,
						,
					,【涨知识】如果你没了身体某些器官，还能活多久？,
	,
	,
						,
						,
					,【上期答案】,我反手就给你个上榜！,你是狠人！,这么会玩吗？那你很棒棒哦！,
                    ,
                ",G03EDIH4000181BR,2021-01-11 21:26:42 轻松一刻,轻松一刻：太疼！老人搓澡活生生被搓下一块皮！|乌鸡|火鸡|香葱|乌龟_网易新闻,https://news.163.com/21/0111/21/G03EDIH4000181BR.html,http://jubao.aq.163.com/
海外网,"博士范轶然（芝加哥大学官网）,当地时间1月9日，30岁的中国,博士范轶然（音译）遭遇枪击，不幸身亡。据美国《世界日报》11日报道，听闻噩耗后，芝加哥大学经济学教授、诺贝尔经济学奖得主拉尔斯·彼得·汉森惋惜不已，哀叹失去了最好的学生。此外，芝加哥警方还披露了案发时的细节。,凶手使用的.45口径手枪,警方称，根据现场找到的弹壳，还有其他所掌握的信息、证据，加上之后凶手涉嫌使用打死及打伤其他六位民众的枪支，均显示为同一把.45口径手枪，其中范轶然被近距离一枪致命。,11日，范轶然就读的芝加哥大学发文悼念，多位师长、同学都对他的意外死亡感到痛心与震惊，芝加哥布斯商学院院长罗坚(Madhav Rajan)表示，范轶然非常聪明，非常有天分，而且受到大家喜爱与尊敬。,凶手是32岁的非裔男子南丁格尔,听闻噩耗后，芝加哥大学经济学教授、诺贝尔经济学奖得主拉尔斯·彼得·汉森惋惜不已，他哀叹道，“范轶然是我最好的研究生，也是最优秀的同事，更是非常好的一个人。”汉森说，范轶然是经济与金融界宝贵的知识资源，他一直致力帮助他的学生与同学学习，而且他运用公司财务理论与经济动力学的工具与见解，来研究金融机构和市场监管的作用，正在撰写一篇出色的论文。,当地时间1月9日，美国芝加哥发生连环枪击案，一名32岁非洲裔枪手南丁格尔（Jason Nightengale）开枪射击，导致3死4伤。在芝加哥大学就读的30岁中国留学生范轶然（音译，Yiran Fan）不幸遭枪杀，枪手已被警方击毙。,中国驻芝加哥总领馆已第一时间与当地警方联系要求妥善处置，并已与遇害者家属取得联系，提供协助。,10日下午，芝加哥大学布斯商学院公告称，范轶然为来自中国的该学院经济金融博士四年级学生，他是一名聪明又极具天赋的学生，受到同学们爱戴。范轶然原本计划在今年提交他的博士论文，他主要研究领域包括银行资产负债管理的互动、信息灵活下的筛选竞争研究等。,范轶然为首个遇害者,据海外网援引《芝加哥论坛报》《世界日报》等媒体报道，范轶然为首个遇害者，他在公寓停车场的车内遭南丁格尔击中头部身亡。,芝加哥警局10日表示，经过初步调查，南丁格尔有多项前科，8日曾在脸书贴出一段激进视频，视频中的他挥舞枪只，称要随机杀人，甚至扬言“我要让炸掉整个社区”。周日（10日）上午10点30分左右，脸书关闭了南丁格尔的主页。,北大校友：“他真的超级厉害，怎么突然就……”,据新京报报道，范轶然本科毕业于北京大学。,记者连线采访了北大芝加哥校友会会长林牧，他表示，他们也是1月10日才确认这个消息，感到非常悲痛。目前校友会已经和范轶然的父母取得联系，芝大校长办公室、国际学生处以及布斯商学院都在帮忙，让范同学的父母能够尽快赶去美国。,林牧介绍称，学校这边在和美国驻华使馆联系，尽快为他的父母办好签证；校友会这边在帮忙向芝加哥政府、美国国务院申请免除14天的隔离，希望以最快速度让范同学的父母见到范同学。“校友会这边已经成立了一个治丧小组，里面有范同学的同学朋友等。但目前芝加哥还处于最高级别的隔离状态，最多允许6人聚会，所以我们还在商量具体如何处理后事”。除此之外，北大芝加哥校友会正在准备为范轶然募捐，之后将把募捐到的款项交给范轶然的家人。林牧沉痛地表示，“我之前也见过范轶然，感觉是一个挺腼腆的孩子，瘦瘦的，非常有礼貌。他是我们08级的校友，刚刚30岁……”北大光华一名毕业生对新京报记者表示，听到这个消息简直难以置信。据她介绍，范轶然是她的师兄，非常优秀，在学校时就非常有名。“我和他合作过，他真的超级厉害，怎么突然就……”。,美国驻华大使馆：致以最深切慰问,1月11日，美国驻华大使馆官方微博发布关于范轶然博士遇害的声明，全文如下：,美国大使馆向范轶然（音译）的家人和朋友表示诚挚的慰问。范轶然在芝加哥上周末发生的一起不可理喻的暴力事件中遇害，该事件还导致其他两人死亡，数人受伤。,2021年1月9日，芝加哥大学报告说，芝加哥大学的博士生范轶然在一起枪击事件中遇害。他正在攻读布斯商学院和肯尼斯·格里芬经济系联合项目的博士学位。傅德恩临时代办说：“我们向范轶然的家人和朋友致以最深切的慰问。”,中国留美博士在芝加哥枪击案中遇害，美国驻华大使馆：致以最深切慰问,网友痛心：好可惜,据芝加哥大学消息，当地时间1月9日，中国留学生范轶然（Yiran Fan）不幸遭遇枪击身亡。据《纽约邮报》报道，32岁非裔枪手杰森·南丁格尔（Jason Nightengale）已被警方击毙，但已经造成至少3人死亡，数人受伤的悲剧。,此前报道，范轶然曾获得北京大学光华管理学院学士学位，并同时取得哲学双学位。获得了剑桥大学金融工程硕士学位，以及芝加哥大学金融数学硕士学位。2017年，他开始攻读芝加哥大学布斯商学院和肯尼斯·格里芬经济系联合项目的博士学位。,↑正在研读剧本的范轶然 图据微信公号“芝加哥风车剧社”,在芝加哥大学布斯商学院院长的印象里，范轶然是“聪明而又极具天赋的学生”。私下里，因为热爱话剧，朋友们更爱叫他“范导”。,据芝加哥大学消息，当地时间1月9日，中国留学生范轶然（Yiran Fan）不幸遭遇枪击身亡。据芝加哥警方消息，抢手杰森当日的疯狂枪击就开始于范轶然。当天下午1点50分左右，范轶然坐在公寓停车场的车里遭到枪击，不幸身亡。,红星新闻此前报道，范轶然2008年考入北京大学光华管理学院，在本科期间，他先后获得北京大学新生奖学金、北京大学李彦宏奖学金、北京大学光华奖学金和北京大学王青云奖学金。,↑领英显示，范轶然先后就读于北京大学、剑桥大学和芝加哥大学,2012年，他获得北京大学光华管理学院学士学位，并同时取得哲学双学位。在大四的最后一个寒假，他选择加入一个致力于教育欠发达地区人文素质教育的志愿组织。,2012年年初，带着“向教育欠发达地区的孩子们传达什么样世界观”的问题，他踏上了前往了广西的巴马县。,他曾在自己写的《巴马行随想》中，记录下了他对于巴马县那所高中的回忆。“我从来没到过比较偏远的县城，当迈进教室的那一刻，眼前的景象首先就令我震惊。但当挤满一屋子的60个学生都对你微笑时，瞬间我们就被这种无法抵御的热情融化了。”,面对孩子们遭遇的问题，范轶然梳理了孩子们导致问题的原因，物质困境、情感压力，亦或是同辈竞争与家庭关怀。在探究问题的同时，他也看到了教育欠发达地区孩子们身上的闪光点。,“与巴马县的生活比起来，南宁重庆也好，上海北京也罢，这些大城市都更复杂……他们能否在这些大城市里安身立命呢？我不知道。但至少，我看到了一些或许可以帮助他们的品质。他们勇于探索。学生们并不羞涩，他们勇于展示自己，遇到困难并不怕，也敢于发表与我们志愿者的看法不同的意见。”范轶然写道。,在这篇文章中，对于孩子们要不要走出乡村，走向城市的问题，范轶然没有想明白。但是他认为，只要坚持梦想，就值得人们尊重。,北大毕业后，他曾短暂在摩根大通第一资本工作，随后前往美国继续学术生涯。他获得了剑桥大学金融工程硕士学位，以及芝加哥大学金融数学硕士学位。2017年，他开始攻读芝加哥大学布斯商学院和肯尼斯·格里芬经济系联合项目的博士学位。,因为热爱话剧，朋友们提到范轶然，就会称他为“范导”。,“话剧九人”公众号显示，范轶然是话剧《九人》第一代导演，并饰演剧中建筑师一角。《九人》剧本灵感来自美国电影《十二怒汉》，他们将其从电影变为话剧进行演出。并于2012年12月和2013年4月，带着《九人》两度参加北大剧星风采大赛。,怎么在继承原有案情的同时，进行更深入的反思。范轶然选择利用平行时空的结构讲述4个故事。这个版本在北大剧星的初赛上演，最终在复赛中，范轶然选择了保留其中一个故事。他将这种保留称作自己的“私心”。,↑范轶然将萨特名剧《禁闭》搬上舞台 图据微信公号“芝加哥风车剧社”,2015年，在作为芝加哥大学布斯商学院Fama-Miller研究中心研究员期间。范轶然加入芝加哥“风车剧社”，导演存在主义大师萨特的名剧《禁闭》。据范轶然的朋友回忆，风车剧社在当地知名度很高，在演出的前一天，范轶然还接受了央视《华人世界》节目的专访。,顶着改编经典巨大的压力，他将属于经典的《禁闭》搬上舞台。“这很可能是萨特最具独创性和哲学性的戏剧作品，他想要尽自己的一份微薄之力，让更多的人有机会能接触到这样的经典。”范轶然此前在接受采访时曾说。,在导演的话剧《禁闭》中，看到戏里的男主角始终生活在别人的评价里，他会试着从戏剧中找寻自己的生活。“我想有时候还是过得轻松一点比较好，不要太过在意别人的看法。”,枪击案发生后，芝加哥大学布斯商学院院长马德哈瓦·拉詹在一份讣告中称，范轶然“是聪明而又极具天赋的学生，他不仅受到同龄人的尊敬，所有认识他的人也都很喜欢他。”,↑芝加哥大学发文悼念范轶然,“博学多才、谦虚勤奋、乐于助人”是范轶然一位朋友对他的印象。“为了赶上博士的申请季，他用一年的时间修完一年半的课程，其中还包括在暑期自学成才，从而免修了本来必修的C++课程。”,范轶然曾对这位朋友说，初中的时候，他的梦想是有一天可以帮助治愈癌症。来到北大光华管理学院后，他又产生一个想法，就是有朝一日能教书育人。“我意识到教育这个东西太重要了，你教书育人，大概能影响到全国千分之一的人。而这千分之一的人，对社会的影响可能就不止千分之一了。”范轶然对朋友说。,今年，是范轶然进入博士生涯的第四年，他本计划今年提交博士论文，也应继续在学术与话剧的路上前行。,在公众号文章中，他曾写道，“2013年北大剧星的演出结束之后，便有了《九人》的10年之约。”,然而，2021年1月9日，他30岁的生命停留在了美国芝加哥市。,
                    ,
                ",G04QS1SU0001899O,2021-01-12 10:23:34,留美博士遇害细节:坐车里等女友被枪杀 弹壳掉驾驶座_网易新闻,https://news.163.com/21/0112/10/G04QS1SU0001899O.html,http://news.haiwainet.cn/n/2021/0112/c3541093-31958708.html?nojump=1
河北日报客户端,"2021年1月11日0-24时，,新增新冠肺炎确诊病例39例。目前，对所有追踪到的密切接触者已全部采取集中隔离医学观察措施，各项防控措施有序进行。现将其行动轨迹公布如下：,确诊病例1：女，59岁，现居住,御华名府小区。2020年12月27日至2021年1月3日，每天上午在家，下午去姐姐（1月10日第74号确诊病例）经营的棋牌室（新乐市长寿街道东长寿村内）活动；1月4日到新乐市集贸市场做核酸采样，其他时间居家无外出；1月5日上午步行到新乐市酱油厂附近的馒头店、财政局附近馒头房、农副产品批发市场购物，下午居家无外出；1月6日至8日居家无外出；1月9日作为密切接触者在新乐市指定隔离点进行集中隔离医学观察；1月10日核酸检测呈阳性，核酸复核呈阳性，当日由120负压救护车转运至河北省胸科医院；1月11日诊断为确诊病例。,确诊病例2：女，47岁，新乐市协神乡南青同村人。2020年12月22日至29日在新乐市医院陪护病人；12月30日至31日每天到本村会静诊所治疗；2021年1月1日居家无外出；1月2日至3日每天到本村会静诊所治疗；1月4日居家无外出；1月5日至8日每天到本村平安诊所治疗；1月9日居家无外出；1月10日乘私家车到新乐市医院发热门诊就诊，采集咽拭子，结合就诊和陪护情况，由120救护车转运至新乐市指定隔离点进行集中隔离医学观察；1月11日核酸检测呈阳性，由120负压救护车转运至河北省胸科医院，当日诊断为确诊病例。,确诊病例3：男，63岁，,增村镇刘家佐村人。在本村经营水果批发店。2020年12月22日至29日，在藁城区中西医结合医院陪护妻子;12月30日参加本村人的满月宴；12月31日至2021年1月2日，白天照看水果批发店，期间晚上经常去藁城区小果庄村会友，1月1日中午在南桥寨村好运来饭店参加婚宴；1月3日，照看自家水果批发店；1月4日至8日居家无外出；1月9日核酸检测呈阳性，当日由120负压救护车转运至河北省胸科医院；1月11日诊断为确诊病例。,确诊病例4：女，62岁，藁城区增村镇刘家佐村人。为今日第3号确诊病例的妻子。2020年12月22日至29日在藁城区中西医结合医院住院；12月30日上午出院，下午至2021年1月8日居家未外出；1月9日核酸检测呈阳性，当日由120负压救护车转运至河北省胸科医院；1月11日诊断为确诊病例。,确诊病例5：女，90岁，藁城区增村镇小果庄村人。2020年12月19日至2021年1月2日居村无外出；1月3日采集咽拭子；1月4日核酸检测呈阳性，当日核酸复核呈阳性后，由120负压救护车转运至石家庄市第五医院；1月5日诊断为无症状感染者；1月10日由120负压救护车转运至河北省胸科医院；1月11日诊断为确诊病例。,确诊病例6：男，59岁，藁城区增村镇南桥寨村人。2020年12月26日至28日乘私家车到藁城区旺洋家居建材城上班；12月29日骑电动车送孙子、孙女到本村小学上学，中午在学校附近小卖部购物；12月30日到藁城区南桥寨村好运来饭店参加婚宴；12月31日至2021年1月1日乘私家车到藁城区旺洋家居建材城上班；1月2日至1月3日乘私家车到正定新区奥体中心西边工地上班；1月4日居家无外出，核酸检测呈阴性；1月5日作为密切接触者由120负压救护车转运至藁城区指定隔离点进行集中隔离医学观察；1月10日核酸检测呈阳性，当日由120负压救护车转运至河北省胸科医院；1月11日诊断为确诊病例。,确诊病例7：男，71岁，藁城区增村镇南桥寨村人。为1月10日第20号确诊病例的爱人。2020年12月28日至2021年1月2日居家未外出；1月3日核酸检测呈阴性；1月4日作为密切接触者由120负压救护车转运至藁城区指定隔离点进行集中隔离医学观察；1月8日核酸检测呈阳性，当日由120负压救护车转运至河北省胸科医院；1月11日诊断为确诊病例。,确诊病例8：女，59岁，藁城区增村镇南桥寨村人。2020年12月26日至29日居家无外出；12月30日步行到本村好运来饭店参加婚宴；12月31日至2021年1月5日居家无外出，期间1月4日核酸检测呈阴性；1月6日作为密切接触者由120负压救护车转运至藁城区指定隔离点进行集中隔离医学观察；1月7日核酸检测呈阴性；1月8日核酸检测呈阳性，当日由120负压救护车转运至河北省胸科医院；1月11日诊断为确诊病例。,确诊病例9：女，32岁，现居住新乐市星河湾花园小区。为1月10日第57号确诊病例的妻子。2020年12月27日至2021年1月3日，每天骑电动车到新乐市信誉楼上班，期间曾于12月27日、31日两次乘私家车回藁城区南营镇南营村母亲家；1月4日至7日在信誉楼上班；1月8日居家无外出；1月9日骑电动车陪同丈夫到新乐市中医院发热门诊就诊；1月10日核酸检测呈阳性，当日复检呈阳性；1月11日由120负压救护车转运至河北省胸科医院，当日诊断为确诊病例。,确诊病例10：男，58岁，现居住,新城铺镇空港国际小区。2020年12月25日至2021年1月4日，除每天骑电动车到新城铺小学接送孙子、到东平乐幼儿园接送孙女上下学外，居家无外出；1月5日自驾车带孙女先后到新城铺镇卫生院、正定县人民医院就诊，期间本人在正定县人民医院进行核酸检测呈阴性；1月6日在东平乐村委会进行核酸检测呈阴性；1月7日至8日居家未外出；1月9日在新城铺镇空港国际小区采集咽拭子；1月10日核酸检测呈阳性，当日复检呈阳性；1月11日由120负压救护车转运至河北省胸科医院，当日诊断为确诊病例。,确诊病例11：女，33岁，藁城区增村镇南桥寨村人。为2021年1月5日第16号确诊病例的妻子。2020年12月26日居家无外出；12月27日上午自驾车去藁城人民医院陪床，中午在藁城人民医院对面面馆就餐，后自驾车回家；12月28日居家无外出；12月29日上午自驾车到藁城人民医院陪床，中午在藁城区增村镇杨马村刀削面馆就餐，后自驾车回家；12月30日至31日居家无外出；2021年1月1日上午自驾车到藁城区增村镇南桥寨村农村信用社旁的流动摊点修书包拉链后返回家中，下午自驾车给杨马村加油站旁边一火锅鸡店送冰柜后返回家中；1月2日中午自驾车到正定县新城铺村得意堡炸鸡汉堡店就餐，餐后送小儿子去金太阳教育上课，期间与大儿子在燕客隆超市旁视康眼镜店修眼镜，后自驾车到同村父亲家停留约2个小时后返回家中；1月3日至4日居家无外出，1月3日核酸检测呈阴性；1月5日作为密切接触者由120负压救护车转运至藁城区指定隔离点进行集中隔离医学观察，当日核酸检测呈阴性；1月10日核酸检测呈阳性，当日由120负压救护车转运至河北省胸科医院；1月11日诊断为确诊病例。,确诊病例12：男，43岁，藁城区增村镇南桥寨村人。2020年12月25日至30日居村无外出；12月31日骑电动车到藁城区第七中学参加家长会；2021年1月1日至1月2日两次到正定县新城铺镇购物；1月3日至4日居家无外出，期间1月3日核酸检测呈阴性；1月5日作为密切接触者由120负压救护车转运至藁城区指定隔离点进行集中隔离医学观察，当日核酸检测呈阴性；1月10日核酸检测呈阳性，当日由120负压救护车转运至河北省胸科医院；1月11日诊断为确诊病例。,确诊病例13：女，66岁，藁城区增村镇小果庄村人。12月28日随接亲团队到正定县机场北路欧景生态苑参加婚宴；2020年12月29日至2021年1月2日居村无外出；2021年1月3日，作为密切接触者由120负压救护车转运至藁城区指定隔离点进行集中隔离医学观察，当日核酸检测呈阴性；1月9日核酸检测结果呈阳性，当日由120负压救护车转运至河北省胸科医院；1月11日诊断为确诊病例。,确诊病例14：男，37岁，藁城区增村镇南桥寨村人。2020年12月26日开大货车前往安徽阜阳送货；2021年1月1日返回家中；1月2日开大货车到陕西省神木县拉煤；1月3日开始返程；1月5日途径行唐县时，中午到行唐县口头镇大骨馆就餐，晚间抵达辛集市天山大道玺宸热能有限公司；1月6日中午在辛集市天山大道玺宸热能有限公司卸煤，晚17时左右返回藁城区增村镇南桥寨村家中；1月7日转运至藁城区指定隔离点进行集中隔离医学观察；1月10日核酸检测呈阳性，当日由120负压救护车转运至河北省胸科医院；1月11日诊断为确诊病例。,确诊病例15：女，61岁，藁城区增村镇小果庄村人。2020年12月27日至2021年1月5日居村无外出，期间1月2日、4日两次核酸检测呈阴性；1月6日由120负压救护车转运至藁城区指定隔离点进行集中隔离医学观察；1月10日核酸检测阳性；1月11日由120负压救护车转运至河北省胸科医院，当日诊断为确诊病例。,确诊病例16：女，64岁，藁城区增村镇牛家庄村人。2020年12月25日至2021年1月7日居村无外出，期间1月3日、5日、6日三次核酸检测均呈阴性；1月7日由120负压救护车转运至藁城区指定隔离点进行集中隔离医学观察，1月9日核酸检测结果呈阳性，当日由120负压救护车转运至河北省胸科医院；1月11日诊断为确诊病例。,确诊病例17：女，64岁，藁城区增村镇小果庄村人。2020年12月25日至2021年1月6日居村无外出；1月7日由120救护车转运到藁城区指定隔离点进行集中隔离医学观察；1月10日核酸检测呈阳性，当日由120负压救护车转运至河北省胸科医院；1月11日诊断为确诊病例。,确诊病例18：女，39岁，藁城区增村镇镇南村人。在藁城区增村中心卫生院工作。2020年12月28日至2021年1月3日每日自驾车上下班；1月4日作为密切接触者由120负压救护车运送至藁城区指定隔离点进行集中隔离医学观察；1月10日核酸检测呈阳性，由120负压救护车转运至河北省胸科医院；1月11日诊断为确诊病例。,确诊病例19：女，48岁，藁城区增村镇小果庄村人。2020年12月26日至31日在本村无外出；2021年1月1日到增村镇牛家庄村姐姐家串门；1月2日至9日居家无外出；1月2日、4日、6日三次核酸检测均呈阴性；1月10日核酸检测呈阳性，当日由120负压救护车转运至河北省胸科医院；1月11日诊断为确诊病例。,确诊病例20：男，74岁，藁城区增村镇小果庄村人。2020年12月25日至2021年1月6日居村无外出；1月7日由120负压救护车转运至藁城区指定隔离点进行集中隔离医学观察;1月10日核酸检测呈阳性，当日由120负压救护车转运至河北省胸科医院；1月11日诊断为确诊病例。,确诊病例21：男，25岁，藁城区增村镇小果庄村人。2020年12月25日至2021年1月5日居村无外出；1月6日晚擅自离村；1月7日上午进入新乐市财政局附近东旭干鲜果品批发部，被疫情防控志愿者发现劝返并报警，由藁城区派人派车护送其回到家中；1月8日至9日居家无外出；1月10日核酸检测呈阳性，当日由120负压救护车转运至河北省胸科医院；1月11日诊断为确诊病例。,确诊病例22：女，56岁，藁城区增村镇小果庄村人。2020年12月28日至2021年1月5日居村无外出；1月6日作为密切接触者由120负压救护车转运至藁城区指定隔离点进行集中隔离医学观察；1月10日核酸检测呈阳性；1月11日由120负压救护车转运至河北省胸科医院，当日诊断为确诊病例。,确诊病例23：女，57岁，藁城区增村镇杨马庄村人。2020年12月28日到藁城区小果庄村参加婚宴；12月29日至2021年1月1日在本村无外出；1月2日在杨马庄村挂面厂打工；1月3日至5日居家无外出；1月6日作为密切接触者由120负压救护车转运至藁城区指定隔离点进行集中隔离医学观察；1月10日核酸检测呈阳性，当日由120负压救护车转运至河北省胸科医院；1月11日诊断为确诊病例。,确诊病例24：男，85岁，藁城区增村镇小果庄村人。2020年12月25日至2021年1月3日居村无外出；1月4日作为密切接触者由120负压救护车转运至藁城区指定隔离点进行集中隔离医学观察；1月4日、6日、8日3次核酸检测均呈阴性；1月11日核酸检测呈阳性，当日由120负压救护车转运至河北省胸科医院，诊断为确诊病例。,确诊病例25：女，51岁，藁城区廉州镇西垒下村人。在藁城区信誉楼商厦打工。2020年12月27日至2021年1月5日，每天骑电动车上下班，晚上回家居住；1月6日至1月9日居家无外出，期间6日、8日核酸检测均呈阴性；1月10日核酸检测呈阳性，当日由120负压救护车转运至河北省胸科医院；1月11日诊断为确诊病例。,确诊病例26：男，59岁，藁城区增村镇小果庄村人。藁城火车站铁路电务段职工。2020年12月21日从藁城区小果庄村乘坐512路公交车前往藁城火车站上班；12月22日至25日，在单位工作无外出；12月26日早晨乘512路公交车返回家中；12月27日居家无外出；12月28日乘坐私家车前往正定县机场北路欧景生态苑参加婚宴；12月29日居家无外出；12月30日乘坐512路公交车到单位上班；12月31号中午12点从单位骑电动车前往藁城区工业路其女儿家吃饭，13点左右骑电动车返回单位；2021年1月1日早乘坐512路公交车返回藁城区小果庄村家中；1月2日至9日居家无外出；1月10日核酸检测呈阳性；1月11日由120负压救护车转运至河北省胸科医院，当日诊断为确诊病例。,确诊病例27：女，60岁，藁城区增村镇牛家庄村人。2020年12月25日至2021年1月1日居家无外出；2021年1月2日乘电动车到藁城区增村镇郭庄村口腔诊所看病，后到村东手机店购买手机;1月3日居家无外出；1月4日到本村药店买药；1月5日居家无外出;1月6日到藁城区中西医结合医院发热门诊就诊后被隔离；1月7日至10日在藁城区指定隔离点进行集中隔离医学观察，期间两次核酸检测均呈阴性；1月10日核酸检测呈阳性，当日由120负压救护车转运至河北省胸科医院；1月11日诊断为确诊病例。,确诊病例28：女，72岁，藁城区增村镇刘家佐村人。2020年12月10日至31日，每日上午骑三轮车到自己家中，晚上到藁城区小果庄村女儿家居住，期间12月25日中午到增村镇南桥寨村好运来饭店聚餐；12月31日乘私家车到藁城区文源路怡心家园小区儿子家居住；2021年1月1日乘私家车到石家庄市桥西区水木大兴小区孙子家居住；1月2日乘私家车返回儿子家居住；1月2日至10日居家无外出；1月11日核酸检测呈阳性，当日由120负压救护车转运至河北省胸科医院，诊断为确诊病例。,确诊病例29：女，32岁，藁城区增村镇小果庄村人。经营本村大田火烧店。2020年12月20日至2021年1月2日在大田火烧店工作；1月3日居家无外出；1月4日作为密切接触者被120负压救护车转运至藁城区指定隔离点进行集中隔离医学观察；1月10日核酸检测呈阳性；1月11日由120负压救护车转运至河北省胸科医院，当日诊断为确诊病例。,确诊病例30：女，68岁，藁城区增村镇牛家庄村人。2020年12月17日至2021年1月1日期间每周五下午和每周一早晨骑电动车到藁城七中接送孙女，其余时间无外出；1月2日11点骑电动车到新乐市信誉楼购物，15点返回家中；1月3日至4日到邻居家帮忙；1月5日至10日居家无外出；1月11日核酸检测呈阳性，当日由120负压救护车转送至河北省胸科医院，诊断为确诊病例。,确诊病例31：女，47岁，藁城区增村镇牛家庄村人。为2021年1月5日第2号确诊病例的女儿。2020年12月26日至28日在本村无外出；12月29日参加本村婚宴；12月30日到藁城区小果庄村某店取快递，随后到小果庄村看望母亲；12月31日下午骑电动车到藁城七中接儿子回家；2021年1月1日居家无外出；1月2日去小果庄村探望母亲后回家；1月3日至1月6日居家无外出，期间1月3日、5日两次核酸检测均呈阴性；1月7日核酸检测呈阳性，当日由120负压救护车转运至河北省胸科医院；1月8日诊断为无症状感染者；1月11日诊断为确诊病例。,确诊病例32：男，25岁,现居住在,晶彩苑小区。为2021年1月10日第62号确诊病例的丈夫。2020年12月27日至31日，每日8时骑电动车到小区附近玛咖网咖上网，中午在网吧附近麻辣烫饭店吃饭，17时骑电动车返回家中；2021年1月1日居家无外出；1月2日15点到小区附近超市购买食品；1月3日上午8时至11时在小区附近玛咖网咖上网；1月4日居家无外出；1月3日、4日两次核酸检测均呈阴性；1月5日至8日居家无外出，期间5日和8日两次核酸检测均呈阴性；1月9日作为密切接触者由120负压救护车转运至裕华区指定隔离点进行集中隔离医学观察；1月10日采集咽拭子；1月11日核酸检测呈阳性，由120负压救护车转运至河北省胸科医院,当日诊断为确诊病例。,确诊病例33：女，60岁，藁城区增村镇小果庄村人。2020年12月25日骑电动车到新乐市市区集贸市场购买冷冻食品；12月26日至2021年1月2日每日在本村十字路口附近卖烧烤食品；1月3日由120负压救护车转运至藁城区指定隔离点进行集中隔离医学观察，期间核酸检测呈阴性；1月11日核酸检测呈阳性，由120负压救护车转运至河北省胸科医院，当日诊断为确诊病例。,确诊病例34：女，51岁，藁城区增村镇刘家佐村人。2020年12月20日至2021年1月9日在本村无外出，期间1月3日、5日、7日三次核酸检测均呈阴性；1月10日核酸检测呈阳性，当日由120负压救护车转运至河北省胸科医院；1月11日诊断为确诊病例。,确诊病例35：女，46岁，藁城区增村镇小果庄村人。2020年12月28日至12月31日居村无外出；2021年1月1日自驾车到新乐市芦新村和合家园参加聚餐；2021年1月2日上午乘511路公交车至藁城市汽车站，转乘508路公交车到藁城区物流园，步行至邮政快递点装货；1月3日自驾货车前往贵阳邮局中心局；2021年1月4日到达贵阳邮局中心局，卸货后自驾车至贵州省龙里县顺丰快递点装货，自驾货车送货至遵义市，后前往仁怀市茅台酒厂装货；1月5日至6日前往天津市武清区津京电子商务园；1月7日8时到达天津市武清区津京电子商务园，卸货后返家，自驾货车20时50分行至正定机场高速口，因交通管制在正定机场高速口停车；由于丈夫外伤，1月8日上午8时陪其丈夫由120救护车转运至藁城市医院住院；1月9日由负压120救护车转运至藁城区指定隔离点进行集中隔离医学观察；1月10日核酸检测呈阳性，1月11日由120负压救护车转运至河北省胸科医院，当日诊断为确诊病例。,确诊病例36：女，60岁，藁城区增村镇刘家佐村人。2020年12月20日至31日期间在本村无外出，其中，22日、25日、28日、31日到小果庄村结婚用品店取快递；2021年1月1日至10日居家无外出；1月11日核酸检测呈阳性，当日由120负压救护车转运至河北省胸科医院，诊断为确诊病例。,确诊病例37：男，32岁，现居住石家庄市裕华区联邦空中花园小区，为1月10日第34号确诊病例的密切接触者。2020年12月28日自驾车到鹿泉区兰欧酒店外场地停留；12月29日自驾车到鹿泉城区西部峰景小区北门停留，晚19时自驾车到国赫红珊湾附近的平安银行和兴业银行ATM机取款；12月30日自驾车到鹿泉区电力局院停留；12月31日乘私家车到裕华区南王村天祥打字复印店、裕华区民政局婚姻办理处、南二环福特4S店，18时至19时在东方明珠小区5号楼门口停留，22时在小区6楼的空中花园停留；2021年1月1日自驾车到廊坊市固安县柳泉镇法律咨询点，之后返回柳泉镇西红寺村；1月2日自驾车返回石家庄市，先后自驾车到长安区南村镇盛南广场及裕华区联邦东方明珠地下负四层、桥西区长宏大厦后院停留；1月3日上午自驾车到裕华区卓达书香园一期小区、藏龙福地小区、天然城小区停留，中午在北国超市益新店沙县小吃就餐，之后打车至裕华区卓达书香园小区三期及塔北路与翟营大街交口东行100米路北的创联地产停留；1月4日中午在怀特风情街的临城腌肉面馆就餐，之后自驾车到怀特宝车城办理业务，塔北路菜市场购物；1月5日自驾车到剑桥春雨小区停留，后到方北大厦附近新兴药房购物，随后打出租车回家，13：30分滴滴打车从东方明珠小区至开泰小区西侧广源路北侧工地项目部，18时自驾车前往开发区翰林小学门口接人至塔南路与谈固大街交口，后自驾车回家；20时左右步行到空中花园东侧商贸广场街边烧烤店就餐；1月6日居家无外出；1月7日到北国益东购物中心购物；1月8日至9日居家无外出；1月10日自驾车到河北医大一院发热门诊就诊，核酸检测呈阳性，当日由120负压救护车转运至河北省胸科医院；1月11日诊断为确诊病例。,确诊病例38：男，54岁，藁城区增村镇东桥寨村人。2020年12月20日至26日居家无外出；12月27日至31日在本村活动无外出；2021年1月1日至8日居家无外出；1月9日核酸检测呈阳性；1月10日核酸复核呈阳性，当日由120负压救护车转运至河北省胸科医院；1月11日诊断为确诊病例。,确诊病例39：女，30岁，藁城区增村镇小果庄村人。2020年12月28日乘私家车到正定县机场北路附近欧景生态苑参加婚宴；2020年12月29日至2021年1月3日居家无外出；1月4日作为密切接触者由120负压救护车转运至藁城区指定隔离点进行集中隔离医学观察；1月11日核酸检测为阳性，当日由120负压救护车转运至河北省胸科医院，诊断为确诊病例。",G04LOMNB0001899O,2021-01-12 08:54:21,石家庄市新增39例新冠肺炎确诊病例，行动轨迹公布 |藁城区|新乐市|裕华区|正定县_网易新闻,https://news.163.com/21/0112/08/G04LOMNB0001899O.html,http://web.hbrb.hebnews.cn/share/hbrb_share4/news_detail.html?file_type=1&list_style=2&news_id=207205
中华人民共和国公安部,"2021年是建党100周年，也是实施“十四五”规划、开启全面建设社会主义现代化国家新征程的第一年，做好政法工作具有十分重要的意义。,近日，习近平总书记就政法工作作出重要指示，并在第一个中国人民警察节到来之际，代表党中央，向全国人民警察致以诚挚的慰问。,连日来，习近平总书记重要指示在公安部直属机关各单位和各地公安机关引起热烈反响。大家纷纷表示，要坚持以习近平新时代中国特色社会主义思想为指导，深入贯彻落实习近平总书记在中国人民警察警旗授旗仪式上的重要训词精神，忠诚履职尽责，勇于担当作为，奋力推动公安工作高质量发展，努力建设更高水平的平安中国、法治中国，为“十四五”开好局起好步创造安全稳定的社会环境，以优异成绩庆祝建党100周年。,习近平总书记强调，希望大家以实际行动践行对党忠诚、服务人民、执法公正、纪律严明，努力建设更高水平的平安中国、法治中国，为保障人民幸福、国家安全、社会稳定作出新的更大贡献，以优异成绩庆祝建党100周年。,殷殷嘱托，吹响全警奋力前行的号角！,国家移民管理局综合司司长胡小明表示，综合司全体民警将坚决做到思想绝对忠诚，带头强化科学理论武装，带头提升政治判断力、政治领悟力、政治执行力；做到业务绝对忠诚，大力提高服务决策、服务发展、服务落实水平，努力跑好贯彻落实“第一棒”；做到队伍绝对忠诚，锚定“四个铁一般”标准，坚持政治建警全面从严治警，推动政治能力、专业素养、纪律作风全面提升，努力打造党组织信得过、靠得住、用得上、能取胜的过硬队伍。,第一时间学习习近平总书记重要指示后，公安部情报指挥中心党委书记、主任张亚宏表示，要始终坚持把政治建设放在首位，不断凝聚干事创业的强大合力；聚焦主责主业，狠抓维护国家安全和社会稳定各项措施的落实；筑牢底线思维，持续提升防范化解各类风险隐患的能力；强化科技支撑，助推数据实战化应用再上新台阶；深化为民服务，大力健全完善110接处警工作，以优异成绩庆祝建党100周年。,守护海防线，丹心护国门。,海关总署缉私局党组书记、局长孙志杰表示，缉私警察队伍作为专司打击走私犯罪活动的专职刑警队伍，要以习近平新时代中国特色社会主义思想为指导，认真抓好中央政法工作会议精神传达落实，对中央关注、社会关切、群众关心的走私活动，坚持破大案、打团伙、摧网络，运用新时代“枫桥经验”推动开展综合治理，打造对党忠诚、服务人民、执法公正、纪律严明的缉私铁军，以优异成绩庆祝建党100周年。,平安，是人民幸福安康的基本要求，是改革行稳致远的重要保证。,中央政法工作会议明确提出，要努力建设更高水平的平安中国、法治中国，为“十四五”开好局起好步创造安全稳定的社会环境，以优异成绩庆祝建党100周年。,公安部治安管理局长航公安业务工作指导处处长张阿虎表示，要按照中央政法工作会议的有关部署要求，坚持围绕中心、服务大局，在忠实履行好新时代使命任务，努力为长江经济带高质量发展创造安全稳定的环境、提供优质高效服务的同时，全面提升执法能力和水平，推动水上治安工作迈上高质量发展的新台阶。,“我将牢记习近平总书记殷切嘱托，以永不懈怠的精神状态和一往无前的奋斗姿态全力做好铁路治安管理工作。”公安部铁路公安局治安管理处副处长陈政表示，要以维护高铁安全为龙头，以推进铁路安全治理体系和治理能力现代化为牵引，深入推进“平安站车路、金盾护你行”专项行动，确保铁路站、车、线持续安全稳定，全面提升旅客群众出行获得感、幸福感、安全感，努力推进更高水平的平安铁路建设。,“聚焦公安主业，坚持打防结合，从小警务着手，抓好小纠纷，管好小事情，破好小案件，保障人民群众安居乐业，不断提升人民群众的安全感和满意度。”湖南省长沙市公安局高新分局雷锋派出所所长解庆武表示，作为全国首批“枫桥式公安派出所”，将牢记为民宗旨，坚持群众路线，全面防控风险，推广“雷锋号平安联盟”，充分发动群众参与共建共治共享，维护好社会稳定。,习近平总书记强调，要更加注重系统观念、法治思维、强基导向，切实推动政法工作高质量发展。,认真学习习近平总书记重要指示后，天津市公安局河东分局二号桥派出所社区民警殷刚表示，作为一名社区民警，将扎根基层、服务群众，充分发挥桥梁纽带作用，把社区警务融入到新型社会治理体系之中，用心用情为群众解决烦心事、揪心事，让老百姓尽享平安幸福。,“让警徽闪耀在群众中，以一流的工作业绩向辖区居民交上一份满意的答卷。”辽宁省沈阳市公安局和平分局中华派出所副所长兼社区民警张登林表示，将把提升人民群众的获得感、幸福感、安全感作为出发点和落脚点，始终牢记警徽在头上、使命在肩上、党徽在胸前、群众在心里，全力以赴把社区群众的事情办好，全心全意做好老百姓的贴心人、社区居民的勤务兵。,数年如一日，学手语、解难题、办实事，用巧心真情温暖聋哑群众的重庆市公安局沙坪坝区分局磁器口派出所社区民警何巧表示，作为一名基层社区民警，要始终把辖区群众放在心中最高位置，不断致力于“巧姐无声警务室”的优化创新，用心聆听、用爱沟通、用情服务，不断提升聋哑群众的获得感、幸福感、安全感。",G0536J4N000189FH,2021-01-12 12:49:07,习近平总书记对政法工作重要指示在公安部直属机关和各地公安机关引发热烈反响_网易政务,https://news.163.com/21/0112/12/G0536J4N000189FH.html,http://www.mps.gov.cn/
央视新闻,"1月11日16时，大连市举行疫情防控工作第71场新闻发布会，对疫情防控最新情况进行通报。,随着疫情的发展和调查工作的深入，大连市对截至到1月11日83例病例进行传播全面分析。目前，大连市疫情源头已初步锁定，传播链条已基本掌握，病例关系清晰明了。,通过对确诊病例和无症状感染者及相关环境，货物样本,的全基因度测序发现，病毒基因组与此前大连市以往的新冠病毒全基因组序列对比，均不同源，排除本地新冠病毒的持续传播，且与我国既往已报告的,以及国内本土病例不存在基因关联性，是一次新的输入。结果支持传染源来自国外，初步判定此次大连疫情来源于污染了新冠病毒的进口冷链产品。,根据目前已有的证据进行初步分析，此次疫情中的绝大部分病例为大连港码头工人，因为搬运俄罗斯籍货轮上新冠肺炎阳性的散装货品导致感染，后来经码头工人的活动，在金座商厦内引发和客户和顾客的感染，并经过感染商户和顾客，引发后续的传播，目前83例病例及无症状感染者已全部明确感染来源。",G02UK5HA00019K82,2021-01-11 16:50:00,大连：此轮疫情源头为进口冷链产品，是一次新的输入|病毒|输入性病例_网易新闻,https://news.163.com/21/0111/16/G02UK5HA00019K82.html,https://app.peopleapp.com/WapApi/610/ArtInfoApi/getInfoUp?id=6104012&securitykey=684ebf02510461371d537e1d6b41435f&interface_code=610
央视新闻客户端,"1月10日12时至24时，沈阳市新增2例本土新冠肺炎确诊病例（1例为无症状感染者转归病例），均属普通型病例。今天（1月11日）下午，沈阳市召开,防控新闻发布会。,沈阳市疾病预防控制中心主任孙百军在发布会上通报，经过,调查和大数据分析，并进行核酸检测、血清抗体检测以及全基因组测序分析，初步锁定沈阳本次疫情,，基本掌握传播链条。,
	,
	,
						,
						,
					,沈阳,，通过医院就诊活动和家庭社区活动，导致后续这些病例或感染者引起相关家庭和公共场所内的疫情传播。本次疫情的病例主要是通过密切,排查发现，目前，现场流行病学调查和实验室分析仍在进行之中。,另据中国青年报，沈阳市疾控中心主任孙百军表示，本次疫情主要涉及4个公共场所：即病例轨迹中提到的佐客超市、开阳大药房、富昌隆药房、176路公交车；涉及医疗机构主要有5家：秀水诊所、谱康医院、市第四人民医院、沈医二院北院区、盛京医院滑翔院区；涉及7个家庭：尹某某家庭（3人）、史某某家庭（6人）、林某家庭（4人）、张某家庭（2人）、王某某家庭（2人）、张某某（95岁）家庭（2人）、李某某家庭（2人）。,来源：中国青年报,据辽宁日报，发布会上，沈阳市疾病预防控制中心主任孙百军就大家比较关心的95岁老人张某某、开阳大药房王某某以及佐客超市老板张某等是如何感染的，进行了重点解答。,张某某的感染来源是通过医院垃圾清理工、保洁员、护士的手部机械携带病毒导致的传播。,王某某的感染来源是因为接触史某某污染的药店物体表面所致。,夏某某感染来源是通过接触病例薛某接触且污染过的物体表面造成。夏某某曾先后3次到过佐客超市购物，导致超市老板张某及其妻子孙某某感染。,沈阳市四院全面接管皇姑区明廉社区卫生服务中心,沈阳市卫生健康委二级巡视员、新闻发言人毛印百在发布会上介绍，沈阳做好重点管控区域居民医疗保障。,沈阳市区两级卫健部门组成工作专班，进驻重点管控区域。出台重点管控区域居民就医流程，发布居民就医须知，设立5部医疗救助热线。开通中风险地区、重点管控区域内病患120救护转运绿色通道。沈阳市第四人民医院全面接管皇姑区明廉社区卫生服务中心，派驻内、外、妇、儿科等科室35名专业骨干，24小时提供诊疗服务。市属医疗机构增加管控区域内就诊病人隔离病床，启用市胸科医院3号楼定点收治管控区域住院病人。请管控区域内的广大居民按照就医流程和须知规范就医。,检测结果均为阴性,沈阳市卫生健康委二级巡视员、新闻发言人毛印百介绍，沈阳四区县（市）常住农村人口全员核酸检测工作基本结束，检测结果均为阴性。按照市防指的统一部署,从1月11日起，利用3天时间，铁西区、皇姑区、于洪区完成第三轮全员核酸检测工作。此次全员核酸检测以上述3个地区为主体，统筹做好人员排查登记、信息录入、采样检测等工作，检测费用由政府承担。,为加强公共交通工具疫情防护，保障市民安全出行，沈阳市进一步监督经营企业严格落实公共交通工具防护措施，严格做好驾驶员管理和车辆消毒、通风等工作，特别对乘客经常接触的重点部位，如座椅、安全扶手等加大消毒频次。,针对出租车，继续推广隔离仓应用，也建议乘客后排就坐，减少人员接触。另一方面，也需要广大市民积极配合公共交通工具的乘坐要求，乘车时主动出示辽事通健康码，对不配合亮码的乘客，司机有权拒载。,沈阳市交通运输综合行政执法队队长刘萍介绍，沈阳市防指口岸交通组先后于2020年12月31日和2021年1月2日、8日，连续3次下发通知，要求全市机场、火车站、客运站严格按照市防指相关指令，凡中风险地区、重点管控区人员一律不允许离沈，其他地区确需离沈的人员需持72小时内核酸检测阴性证明出行（全员核酸检测结果不作为离沈依据）。同时，针对在执行过程中发现的个性化问题，及时研究解决措施。如，外地长期在沈或来沈中转人员，在执行离沈人员查验健康码的同时，严格查验“通信大数据行程码”。对行程码显示“到达或途经：辽宁省沈阳市”人员，均需持有72小时内核酸检测阴性证明方可离沈，有效管控场站离沈通道。,所有进入机场、火车站、客运站人员一律严格执行扫码、测温、查验核酸检测证明制度，包括送站和接站人员，无72小时内核酸检测证明报告不能进站接送旅客。,“三站一场”和地铁站、公交枢纽提升防控等级，增加消毒通风频次。至少每6小时进行1次消毒，每2小时进行一次通风。调整所有地铁车站通风模式，加大车站公共区域新风引入。,
                    ,
                ",G02UIB1D0001899O,2021-01-11 16:49:41,沈阳本次疫情传播源头：入境人员解除隔离后发病 |流行病学|接触者_网易新闻,https://news.163.com/21/0111/16/G02UIB1D0001899O.html,http://m.news.cctv.com/2021/01/11/ARTIbsO8SRUpRu3loF5u7FZH210111.shtml
红星新闻,"据,消息，当地时间1月9日，中国留学生范轶然（Yiran Fan）不幸遭遇枪击身亡。据《纽约邮报》报道，32岁非裔枪手杰森·南丁格尔（Jason Nightengale）已被警方击毙，但已经造成至少3人死亡，数人受伤的悲剧。,此前报道，范轶然曾获得,光华管理学院学士学位，并同时取得哲学双学位。获得了,金融工程硕士学位，以及芝加哥大学金融数学硕士学位。2017年，他开始攻读芝加哥大学布斯商学院和肯尼斯·格里芬经济系联合项目的,学位。,↑正在研读剧本的范轶然 图据微信公号“芝加哥风车剧社”,在芝加哥大学布斯商学院院长的印象里，范轶然是“聪明而又极具天赋的学生”。私下里，因为热爱话剧，朋友们更爱叫他“范导”。,据芝加哥大学消息，当地时间1月9日，中国留学生范轶然（Yiran Fan）不幸遭遇枪击身亡。据芝加哥警方消息，抢手杰森当日的疯狂枪击就开始于范轶然。当天下午1点50分左右，范轶然坐在公寓停车场的车里遭到枪击，不幸身亡。,红星新闻此前报道，范轶然2008年考入北京大学光华管理学院，在本科期间，他先后获得北京大学新生奖学金、北京大学李彦宏奖学金、北京大学光华奖学金和北京大学王青云奖学金。,↑领英显示，范轶然先后就读于北京大学、剑桥大学和芝加哥大学,2012年，他获得北京大学光华管理学院学士学位，并同时取得哲学双学位。在大四的最后一个寒假，他选择加入一个致力于,欠发达地区人文素质教育的志愿组织。,2012年年初，带着“向教育欠发达地区的孩子们传达什么样世界观”的问题，他踏上了前往了广西的巴马县。,他曾在自己写的《巴马行随想》中，记录下了他对于巴马县那所高中的回忆。“我从来没到过比较偏远的县城，当迈进教室的那一刻，眼前的景象首先就令我震惊。但当挤满一屋子的60个学生都对你微笑时，瞬间我们就被这种无法抵御的热情融化了。”,面对孩子们遭遇的问题，范轶然梳理了孩子们导致问题的原因，物质困境、情感压力，亦或是同辈竞争与家庭关怀。在探究问题的同时，他也看到了教育欠发达地区孩子们身上的闪光点。,“与巴马县的生活比起来，南宁重庆也好，上海北京也罢，这些大城市都更复杂……他们能否在这些大城市里安身立命呢？我不知道。但至少，我看到了一些或许可以帮助他们的品质。他们勇于探索。学生们并不羞涩，他们勇于展示自己，遇到困难并不怕，也敢于发表与我们志愿者的看法不同的意见。”范轶然写道。,在这篇文章中，对于孩子们要不要走出乡村，走向城市的问题，范轶然没有想明白。但是他认为，只要坚持梦想，就值得人们尊重。,北大毕业后，他曾短暂在摩根大通第一资本工作，随后前往美国继续学术生涯。他获得了剑桥大学金融工程硕士学位，以及芝加哥大学金融数学硕士学位。2017年，他开始攻读芝加哥大学布斯商学院和肯尼斯·格里芬经济系联合项目的博士学位。,因为热爱话剧，朋友们提到范轶然，就会称他为“范导”。,“话剧九人”公众号显示，范轶然是话剧《九人》第一代导演，并饰演剧中建筑师一角。《九人》剧本灵感来自美国电影《十二怒汉》，他们将其从电影变为话剧进行演出。并于2012年12月和2013年4月，带着《九人》两度参加北大剧星风采大赛。,怎么在继承原有案情的同时，进行更深入的反思。范轶然选择利用平行时空的结构讲述4个故事。这个版本在北大剧星的初赛上演，最终在复赛中，范轶然选择了保留其中一个故事。他将这种保留称作自己的“私心”。,↑范轶然将萨特名剧《禁闭》搬上舞台 图据微信公号“芝加哥风车剧社”,2015年，在作为芝加哥大学布斯商学院Fama-Miller研究中心研究员期间。范轶然加入芝加哥“风车剧社”，导演存在主义大师萨特的名剧《禁闭》。据范轶然的朋友回忆，风车剧社在当地知名度很高，在演出的前一天，范轶然还接受了央视《华人世界》节目的专访。,顶着改编经典巨大的压力，他将属于经典的《禁闭》搬上舞台。“这很可能是萨特最具独创性和哲学性的戏剧作品，他想要尽自己的一份微薄之力，让更多的人有机会能接触到这样的经典。”范轶然此前在接受采访时曾说。,在导演的话剧《禁闭》中，看到戏里的男主角始终生活在别人的评价里，他会试着从戏剧中找寻自己的生活。“我想有时候还是过得轻松一点比较好，不要太过在意别人的看法。”,枪击案发生后，芝加哥大学布斯商学院院长马德哈瓦·拉詹在一份讣告中称，范轶然“是聪明而又极具天赋的学生，他不仅受到同龄人的尊敬，所有认识他的人也都很喜欢他。”,↑芝加哥大学发文悼念范轶然,“博学多才、谦虚勤奋、乐于助人”是范轶然一位朋友对他的印象。“为了赶上博士的申请季，他用一年的时间修完一年半的课程，其中还包括在暑期自学成才，从而免修了本来必修的C++课程。”,范轶然曾对这位朋友说，初中的时候，他的梦想是有一天可以帮助治愈癌症。来到北大光华管理学院后，他又产生一个想法，就是有朝一日能教书育人。“我意识到教育这个东西太重要了，你教书育人，大概能影响到全国千分之一的人。而这千分之一的人，对社会的影响可能就不止千分之一了。”范轶然对朋友说。,今年，是范轶然进入博士生涯的第四年，他本计划今年提交博士论文，也应继续在学术与话剧的路上前行。,在公众号文章中，他曾写道，“2013年北大剧星的演出结束之后，便有了《九人》的10年之约。”,然而，2021年1月9日，他30岁的生命停留在了美国芝加哥市。,红星新闻记者 蓝婧 实习记者 郭懿萌 实习生 任淼琳,编辑",G03L4N9100018AOR,2021-01-11 23:19:19,中国留美博士不幸被枪杀 朋友：曾执导多部话剧，想回国投身教育|芝加哥大学|北京大学|剑桥大学_网易新闻,https://news.163.com/21/0111/23/G03L4N9100018AOR.html,https://static.cdsb.com/micropub/Articles/202101/1803e2adbf012b979afd8bd769a9e505.html
举报,"
	,
	,
						,
						,
					,【嫌,检测费用太贵没登机，,一家8口与,擦肩而过】1月11日，印尼，据报道，印尼一架客机于9日发生空难，致数十个家庭支离破碎，而本该搭乘该,的一家8口人意外与死神擦肩而过。幸存男子在社交平台表示，他与婆婆、姐夫等共8名家人本应登机，但他们没有核酸检测阴性证明，而机场检测费用过于昂贵，他们最终决定坐船回家，因此侥幸逃过一劫。,
                    ,
                ",G04P0JNU0001899O,2021-01-12 09:51:06 漩涡视频,嫌机场核酸检测费用太贵没登机，印尼一家8口与死神擦肩而过|航班_网易新闻,https://news.163.com/21/0112/09/G04P0JNU0001899O.html,http://jubao.aq.163.com/
举报,"昨晚下班（北京）去坐地铁，顿时觉得北极也不是那么冷。,此时此刻的我，真的想去北极避避寒，为什么北京会这么冷？？,清楚的记得一段对话↓,今天早晨北京昌平线上，有一个男生，无线耳机掉了...说想捡一下。,列车安全员：,据统计，此次降温北京最低气温达到-19.6℃，达到1952年之后的1月气温最低值，1966年之后的气温最低值。,作为打工人，我太难了···腿冷到差点截肢。。。。,有点羡慕下面这家企业的员工，激励员工的方式真的比给钱还爽！,1月5日，安徽阜阳，一老板奖励员工超市一分钟抢购，所有抢到购物车物品全部由老板买单，员工争分夺秒场面欢乐。6日，员工娜娜说，, 因为考虑到安全问题，老板事先规定抢购在单价100元以下商品，易碎物品不让抢。,（请看视频，然后回答问题）,
	,
	,
						,
						,
					,看到这条新闻，我好焦虑，感觉大脑一片空白，不知道在超市里抢什么比较赚，各位,，如果是你，你会先去抢什么？,网友：这有啥好想的！去抢收银机啊！,你想多了，大过年的想去吃牢饭？还是对口香糖和那啥套情有独钟？,还有一个相对保守的方法，如果你不知道怎么抢，可以直接拿别人车里的东西。,经过我的仔细分析，这种活动，一定要抢,比如，,推个车一排全放里面！,抢超市那得是亲同事，四个人一组，把整个货架抬出来，没买毛病吧~,其实，钱不钱的无所谓，主要我想练练折返跑，速速告诉我公司名称，年后离职，明年就去这个超市血洗一番。,其实仔细想想，这种活动不仅给了员工实实在在的福利，还锻炼了身体，培养了竞争意识，一举多得，这个老板是个高人。,同事之间其实应该多交流，多培养感情才能更好的合作，虽然我平时看起来冷冰冰和其他同事（秋子、胖编）没什么交流，但其实，背地里我讲了他们很多坏话！,玩笑玩笑，俗话说得好，一个篱笆三个桩，一个好汉三个帮，一个人的能力毕竟有限，想做成事，大家必须团结起来。,然而，有一位东北大哥可以说把智商发挥到了极致，为了防止鱼被冻死，当街表演“水煮,”！,1月6日，哈尔滨早市出现水“煮”活鱼，现煮现卖，市民来到市场都是挑活鱼买。商贩介绍，当地清晨气温达到零下30度，鱼拿出来不到5分钟就会结冰冻死，为了保证活鱼新鲜，就在鱼槽下生火防冻。,
	,
	,
						,
						,
					,这？？这不就是恒温游泳池吗？鱼可老舒服了。,老板，你这样做对鱼身体不好，建议把鱼池里的水换成防冻液。,众所周知东北的冰箱冬天用来解冻的，在东北没有干冷或者湿冷，只有贼拉冷，一出门感觉迎面全是小李飞刀，那风才硬呢。,有个疑问，这温度，拎到家也变冻鱼了，为啥多此一举？还不停的搅拌，感觉都不需要，活鱼也不是愣头青，等着熟。,东北网友解惑：1、冬天活鱼价格走俏。2、搅拌是为了受热均匀！,我：？？？？,听完网友一席话，小编甚是惭愧，我一定是个假的东北人。不然也不会被北京的气温教做人了。,然而最近，有一个小学生没有被严寒教做人，却被,击垮了自尊心。,1月5日，四川省眉山市东坡区某小学里，一名淘气的小男生在课堂上将水彩笔涂在嘴唇上，同学们说他像个“巫师”，老师本想严厉的批评他，但看到他的那一刻，老师没控制住。。。,
	,
	,
						,
						,
					,有一说一，这涂的技术还可以，唇形还挺好看，色号整的挺别致啊！ 这是中毒妆吗？,好家伙，李佳琦都没你敬业！未来的优秀的首席化妆师~,但是小朋友也好考虑安全，吃到嘴里还是不好的，另外，不要嘲笑他，我小时候还用水彩笔涂指甲呢。,说起小时候，谁都是各种奇思妙想，各种梦想理想，可是长大成人之后才知道，那只是梦想的起点，大多数人的终点恐怕都是平凡。,然而现实告诉我们，想做一个平凡的人，高高兴兴上班，平平安安回家，似乎也不是一件简单的事情。,给大家整个绝活！,1月6日，上海小伙小江爆料称是2020应届毕业生，于2020年7月2日入职申通快递。9月7日，,小江由于拒绝无意义的,，于9月9日被告知因试用期不合格被辞退。小江向青浦区仲裁委提交申请，,
	,
	,
						,
						,
					,996的公司不讲武德，来骗，来偷袭！我刚毕业的小同志！！！ 这好吗？这不好！ ！！我劝这些公司不要犯这样的聪明，小聪明啊！！！,申通的这位副总裁，这小伙是来工作的，不是来出家的，不让小伙子这个年纪谈恋爱？怎么着？进申通就意味着打光棍？工作就说工作的事，怎么还干涉人家私生活了？,那咱把话说会工作，其实很多私企都这样，压榨员工，老板还假惺惺的说：,凭什么不要太安逸，选择安逸咋了？除了变胖我真没想到其他负面影响。,各位易友，你们能接受996吗？（早上9点上班，晚上9点下班，每周工作6天）,当996成为全社会的普遍现象时，没有人能独善其身。一个人改变是没有用的，也许我们应该每一个人都拒绝996，才会有改善。,现实情况是：中国这么多人，哪怕大部分人不愿意，总有一些人迫于生计，愿意996,。,不得不说，还是90、00后有胆量，80后的中年人当真不敢随便辞，一方面多年的思想束缚，一方面财政压力~给这位有勇气的年轻人点赞！,另外，对话中的那位HR说的话：“你要背着仲裁一辈子吗？”,求求你做个人，本来小伙初入社会就没有经验，恐吓人家，让刚出来的毕业生放弃仲裁，恶不恶心人?,是“Human Resource”的英语缩写，即人力资源，全称人力资源管理，在公司里的岗位叫“人事”,另外HR的拼音缩写是：,uai ,en=,清醒一点，HR也是打工人，等你到35岁的时候会有一个更年轻的HR用同样的话术辞退你，出来混，总是要还的。,现在不知道怎么了，对一些有积累沉淀的事物都特别不友好，老员工遭嫌弃，老鲜肉被说过气，我反而觉得，老的才是经典呢！,易友们，告诉大家一个好消息！爷的青春回来啦！,发文宣布《灌篮高手》将电影化，随后，,，由东映制作。这将是《灌篮高手》漫画从90年开始连载起首个剧场版。青春真的真的回来了！！！,各位易友，你看过《灌篮高手》吗？,我终于活到了今天！,小编三十多岁了，人到中年 ，想来想去，虽有其他好多遗憾，但全国大赛剧场版，是我青春的最后一个愿望了！一定是全国大赛吧！有生之年！一定要拍全国大赛啊！！,不得不说，2021年，新年伊始给我了我们太多的惊喜，但也伴随着严峻。,距离春节还有1个多月，面对严峻复杂的冬季疫情防控形势，为了减少春节期间的人员大规模流动，近日，北京、上海、宁夏、山东、河南、安徽、湖北、河北等地先后发出,的倡议，鼓励企事业单位安排弹性休假，有条件的就地过年。, ,为避免疫情扩散，就地过年，鼓励企业弹性休假，嗯，挺好的，就是不知道有哪个企业配合。,有时候“提倡”和“禁止”的差别，往往就是公司领导的一念之间。,各位在外打工的易友，先做好没法回家过年的准备，有备无患，春节好好加班~打工人们加油！,最后，还是要跟大家汇报一下河北目前疫情情况，截至1月6日24时，河北省现有本地确诊病例90例（重型5例、普通型84例、轻型1例），尚在医学观察本地无症状感染者144例。现有4个中高风险地区，,在这里想说一句，白衣天使们，辛苦了！,1月6日，大连持续大雪。当晚，大连海洋大学师生志愿者，给封闭在宿舍楼的学生们运防疫物资，顶风冒雪，艰难前行。,我们国家从来都不缺少英雄，但他们不是电影里那种从天而降的英雄，,好了，今天的轻松一刻就先到这里，冬季严寒，大家注意防寒保暖，各位易友，下期见！我是炮小姐，最近有点上火，去干饭了~,口臭到底从何而来？,丁丁丁丁丁丁丁丁？,飞机场的现实写照。,我没记错，这是小昭吧？？,众所周知，很多易友都是一个体育运动爱好者。,问问你身边内向的人，是不是这么回事？,问大家一个问题,还真有叫这个的？那我想叫王瑞古德,这个字幕我有点没看懂，有易友能告诉我吗？,【东北酥菜】给你看看这几天的北方到底有多冷,
	,
	,
						,
						,
					,【要不咱点个外卖吧】媳妇要是没跟人家跑，不可能会这样的,
	,
	,
						,
						,
					,【人类脱毛现场】看着都疼的脱毛方式,
	,
	,
						,
						,
					,【这是我没想到的】男人产生共鸣有多简单,
	,
	,
						,
						,
					,如果是你，你会怎么选？,【上期答案】,我的天啊，这是什么玄学？？？,要相信，会有光,为什么男人做什么事都能找到理由？？？？？？？？？？？？,
                    ,
                ",FVP19KOG000181BR,2021-01-07 20:24:57 轻松一刻,轻松一刻：还敢不加班?应届生拒绝996被公司开除|水彩笔|易友|活鱼|井上雄彦_网易新闻,https://news.163.com/21/0107/20/FVP19KOG000181BR.html,http://jubao.aq.163.com/
举报,"谁能想到，一个“冷”字贯穿了我的整个冬天……,今日灵魂拷问：这种天气还要出来上班的你，跟卖火柴的小女孩有什么区别？,答：有区别，你是打工人，人家小女孩是个体户。,算了，还是爬起来上班吧……,上班要迟到了，你还不撒手！,我打工人不要面子的吗？,既然出来打工，那么是面子更重要还是钱更重要呢？,下面这条新闻，给了我们答案。,1月7日，河南商丘。一小伙到农村吃席时，凉菜刚端上桌不久就结了冰冻在一起，无奈只能用水涮化了再吃。据悉，当天气温低至零下12℃，又是露天酒席。,
	,
	,
						,
						,
					,没条件创造条件也要吃，打工人的份子钱，一定不能让大风刮走！,经历了很多事情，包容度和接受度都高了，我能接受丁克，能接受不婚，能接受我身边的人出柜，能接受你来，能接受你走，等等一切，波澜不惊，云淡风轻，但始终接受不了自己穷……,#画画赚不到钱只能卖杂食维生#,话说回来，这才是大席，一桌子都是“硬菜”！,真！ 硬！,怎么味道还不错的样子？？？,零下12℃办露天酒席，人比菜还硬啊！,
	,
	,
						,
						,
					,只是……一桌人吃也吃不好，坐也坐不住，这样的宴席有啥意义呢？,何况疫情仍然在继续，这样的聚集还是大可不必了吧。,在天寒地冻的室外办席，也不知道这主人，是要面子还是不要……,但凡搞块塑料布，都比这有排面……,说到面子，今儿个天王老子来了，也是他最有面儿！,1月7日，贵州遵义。80岁的老中医迎娶42岁新娘，在当地引起轰动。,新娘在婚礼现场介绍，带儿子来治病时被老先生医术折服，之后拜师成为其徒弟，相处过程中走到一起。老先生的徒弟周先生介绍，老人无子女，网传新娘已怀孕的消息是假的，新娘能力强有责任心，两人结合是为更好传承针灸事业。,
	,
	,
						,
						,
					,大家都知道，从一点到达另一点，直线最近。,陪一个男人长大，不如陪老头说说心里话。,我宣布，这就是爱情最好的模样，我又相信爱情了！,18的时候喜欢18的，80的时候还是喜欢18的，果然男人至死是少年~,
	,
	,
						,
						,
					,开个玩笑，真爱不在年龄大小，更何况82娶28的都见过了，这有什么？,不管图啥，双方都开心就是双赢，我们还是祝福他们吧！,这个故事告诉我们：只要肯努力奋斗，不论多少岁，总会娶到老婆的。,希望大家在为自己挣面子的同时，也不要落了别人的面子。,说，日前，安徽一对新人在酒店举办完婚礼后，新郎竟然把新娘忘在酒店里了。,新娘高女士称当天新郎喝了点酒，宴席结束送完亲朋好友后去伴郎的酒店房间里睡觉了，自己以为他去处理重要的事，电话没人接，等了几个小时没等到，就独自回了家，快凌晨才等回了老公，老公抱了两只熊给自己道歉，但因为太生气当晚没让他进房间睡觉，后来老公说当天比较亢奋给忘了。,
	,
	,
						,
						,
					,这货完了，就这事他老婆最少可以说到80岁！,估计是单身惯了，忘了自己已经,了……,新郎：害，第一次结婚没经验啊~,不过去伴郎的房间睡觉……,这下大家都知道新郎最爱的是谁了吧？,一对新婚夫妇来到法院办理离婚手续。,工作人员询问女方要求离婚的理由，女方回答道：“他爱情不专一。当初谈恋爱的时候，他一再表示世界上只爱我一个人。”“他还爱上谁了？”“他还爱上他的爸爸和妈妈！”,本以为这已经是今日最扯的,新闻了，结果还有两位请求出战！,说，四川宜宾一对小夫妻刚刚成为新手爸妈，没想到产后出院的时候，两个人竟然把孩子忘在医院了。据孩子爸爸介绍，因为每次去孕检都是两个人，突然多出一个宝宝，一时间还有点没习惯。当日办完出院手续后两个人就走了，直到护士给他打电话，才发现把宝宝忘在医院了。,那他们以为自己去医院是做什么的？,孩子：我终究只是一个意外……,事实证明，夫妻才是真爱，孩子只是意外。,这小孩在他俩手上以后的日子估计有点坎坷……,等孩子长大以后，告诉他是医院捡回来的，就有故事可以讲了。,真是一对有默契度的夫妻，但为什么总有一种在秀恩爱的感觉呢……,求求了，别秀了！,1月3日下午，重庆潼南区，有市民看到一辆白色SUV汽车漂浮在涪江中并缓缓下沉。接到报警后，当地公安、应急救援等部门迅速将车辆打捞上岸。经查，车主两夫妻因琐事发生了激烈争执，男子一气之下将自家SUV推进了涪江。,
	,
	,
						,
						,
					,男子：人和人的体质不可一概而论，我曾经在极度愤怒的情况下，把一辆汽车推进了水里！,别人都是气大伤身，他这是气大伤车。,车：你们俩吵架关我屁事啊？我既没有啵嘴，又没有看热闹，凭什么我受伤？,两周后，二手车商手里又多了一辆低价泡水车……,在此，严肃警告那些生气想扔东西的同志们，车不想要可以给我，我拿不锈钢脸盆换！,这男人先别急着扔，宁可毁车也没打老婆,，还算有底线。,力气那么大，真是一个搬砖的好苗子。,不过力气一定要用在正确的事情上，不要里子面子都丢掉。,2020年10月，日本几栋装潢中的新房相继出现马桶被盗事件，警方将其称为“厕神事件”展开调查，发现曾在某装潢公司工作的高田有重大嫌疑。,经查，高田一共偷走了18只马桶，随后卖给二手商店换取了生活费18万日元（约1.1万元人民币），而他曾因偷马桶遭解雇。一只马桶的重量约为20公斤，最便宜品牌的价格也要5万日元（约3100元人民币）。,目前暂不清楚高田是如何潜入新房行窃的，此案正在进一步处理中。,偷屎盆子？？？,这怎么偷走的啊，这可是技术活！,这就叫术业有专攻吧~,不过什么人都能称神…神也太不值钱了！,如果是真正的厕神，应该连蹲便一起偷的。,建议这位哥们拜拜神，给自己的智商开开光。,跟我念：,南无奥特曼菩萨，六根清净动感波,一息三千六百转，大慈大悲度世人,在日本富山县，人们通过这种方式祈求转运……,迎来厄运年的人们通常会给一条鲤鱼灌酒，然后把鱼放生，以祈求新年好运。,灵不灵不清楚，就是感觉鱼可能会醉。,
	,
	,
						,
						,
					,只给人类劝酒 已经不能满足那些酒虫们了么？,鱼：夺笋呐！,公司聚会，迟到的一人先干一瓶！,话说鱼醉了之后会不会淹死啊？,能不能淹死不知道，反正这样灌下去相当于给鱼去腥了，过年的下酒菜，它有了。,在寝室里炖鱼……,人活一世，有人成了面子，有人成了里子，而有人成了傻子。,1月7日，山东枣庄。一名15岁男孩舔铁柱，结果舌头被粘住拔不下来，场面十分搞笑。据旁边门店的老板称，男孩在理发店当学徒，因为听别人说舔铁柱舌头会被粘住就想尝试下。舌头被粘住后男孩急忙给同事打电话，却因为说话不清楚被挂断。后来旁边门店老板拿了杯温水倒在男孩舌头上才将其救下。,
	,
	,
						,
						,
					,小伙：小丑竟是我自己！,15的身子，5岁的好奇心。,都说男人至死是少年，更何况少年呢？,古有范德依彪口吞灯泡，今有山东小伙舌舔钢管。,这就要说到人类的本质了——不信邪。,胖编：其实大家也不要笑，我也很想尝试，就是没有他的勇气。,害，但凡小时候多吃几次冰棍，你也不至于有这种想法。,其实大可以拿个保温杯装上热水再去试，这叫不求人，只为求真知。,想问一句，这才年初啊，你们咋就成为年度沙雕的有力竞争者了？！,1月4日，泰国曼谷，一名学生以为网课结束，便走进浴室准备洗澡，不料老师突然要点名，这名学生只能打开摄像头，一边洗澡一边听老师讲话。老师开玩笑称，学生在洗澡时都能认真听我讲话，我也许能成为一个了不起的老师。,不得不说，这孩子还真是收放自如，一点没耽误继续洗澡。,直播事故,不过上过网课的都知道，躺着趴着、在厕所里听课，都是常态。,最后，一定要说一件大快人心的事！,1月8日，辽宁沈阳。当地法院宣判，殴打防疫警察父子俩，分别被判有期徒刑10个月和1年。,1月1日，皇姑区某核酸检测，68岁男子插队被民警劝阻，该男子竟伙同儿子当街殴打民警，致民警多处受伤、防护服被撕坏。,
	,
	,
						,
						,
					,判得漂亮！,要我说，这种人也是“病毒”的一种。,以为是医务人员，打完了调解道歉就完事了，哦不对，道歉都不用。,结果没想到，里面是警察！,不是喜欢插队吗？这就给你来个绿色通道，火速入狱！,这下开心了吧，满意了吧？还能在里面过个好年~,也不用着急加塞儿了，监狱里肯定会定期排查核酸的！,打虎亲兄弟，坐牢父子兵，这下有大把的时间可以在监狱里面互殴了。,入狱后，父子俩因为一个少关两个月，在监狱里打了起来。（误）,这就叫做冲动的惩罚。所以，做人不能太嚣张，毕竟社会的毒打可能会迟到，但永远不会缺席。,好了，今天的一刻就到这里，秋子要去干饭了！祝大家,吃好喝好哟~,霸道总裁会不会便秘?便秘的时候是不是冷冽的眼睛危险的眯起，嘴角噙起一抹冷笑的说:“自己出来”有画面了！,减肥路上屡战屡败，我在想，到底是哪里出问题了，有没有这种可能， 女娲捏我的时候给我的定位就是一枚小胖子。（微博@刘大大大大大脸）,“你们现在很多年轻人，都搞不清楚自己的定位是什么。”,滴滴司机在电话里和我说。,我有个严肃的问题向大家请教:我女朋友最近在欺骗我，她总是晚上和别人出去，很晚才坐出租回来，又不开到门口。我偷看过她手机，结果她大发雷霆。有一天晚上她出门，我骑着摩托车藏在街边拐角等着看谁来接她。结果我发现摩托车漏油，最后我请问下，这车我刚买了一年，这个漏油问题保修吗？,这是一份多么迫在眉睫的申请 （@凤梨渡口小襄襄）,额……,如来佛祖是真的有钱，喜欢花钱看猴,这就是传说中的工具人吧,拿走，赶紧的给我拿走，我用不着这个秘籍！,看什么看，没见过人家谈恋爱？,扎心了……,新时代的孤独……,你掉发严重吗？,垂死棺中惊坐起！,想进去一探究竟。,有清晰的自我认知。,我直接走到最后一步……,丑就一个字……,猜猜这是谁？,严肃分析，你吃左边还是右边？,【,都是怎么锻炼的】,
	,
	,
						,
						,
					,【饭局上的两种人】,
	,
	,
						,
						,
					,【人间鉴赏让原本不富裕的家庭更是雪上加霜】,
	,
	,
						,
						,
					,【贾玲名场面，没笑你就踹我！】,
	,
	,
						,
						,
					,请问你会先救谁？,如果是你，你会怎么选？,来呀，把他跟榜锁死！,全看个人选择,给的不够还让加班？走你！,
                    ,
                ",FVRKG0N1000181BR,2021-01-08 20:38:58 轻松一刻,轻松一刻：80岁老中医娶42岁女徒弟，是爱情吗？|周末|大爷|大妈|结婚|沙雕|吃席|冷|雪|东北|孩子|日本|转运|违法犯罪_网易新闻,https://news.163.com/21/0108/20/FVRKG0N1000181BR.html,http://jubao.aq.163.com/
央视网,"“要深入学习、坚决贯彻党的十九届五中全会精神，准确把握新发展阶段，深入贯彻新发展理念，加快构建新发展格局，推动‘十四五’时期高质量发展，确保全面建设社会主义现代化国家开好局、起好步。”,1月11日，省部级主要领导干部学习贯彻党的十九届五中全会精神专题研讨班在中央党校（国家行政学院）开班。习近平总书记出席开班式并发表重要讲话。,在讲话中，习近平总书记从理论和实际、历史和现实、国内和国际相结合的高度，分析了进入新发展阶段的理论依据、历史依据、现实依据，阐述了深入贯彻新发展理念的新要求，阐明了加快构建新发展格局的主攻方向。,央视网《,》梳理总书记讲话要点，与您一起学习领会。,正确认识党和人民事业所处的历史方位和发展阶段,●新发展阶段是社会主义初级阶段中的一个阶段，同时是其中经过几十年积累、站到了新的起点上的一个阶段,●新发展阶段是我们党带领人民迎来从站起来、富起来到强起来历史性跨越的新阶段,●经过新中国成立以来特别是改革开放40多年的不懈奋斗，我们已经拥有开启新征程、实现新的更高目标的雄厚物质基础,●新中国成立不久，我们党就提出建设社会主义现代化国家的目标，未来30年将是我们完成这个历史宏愿的新发展阶段,●新发展阶段是我国社会主义发展进程中的一个重要阶段,●社会主义初级阶段不是一个静态、一成不变、停滞不前的阶段，也不是一个自发、被动、不用费多大气力自然而然就可以跨过的阶段，而是一个动态、积极有为、始终洋溢着蓬勃生机活力的过程，是一个阶梯式递进、不断发展进步、日益接近质的飞跃的量的积累和发展变化的过程,●全面建设社会主义现代化国家、基本实现社会主义现代化，既是社会主义初级阶段我国发展的要求，也是我国社会主义从初级阶段向更高阶段迈进的要求,●当今世界正经历百年未有之大变局，但时与势在我们一边，这是我们定力和底气所在，也是我们的决心和信心所在,●当前和今后一个时期，虽然我国发展仍然处于重要战略机遇期，但机遇和挑战都有新的发展变化，机遇和挑战之大都前所未有，总体上机遇大于挑战,完整、准确、全面贯彻新发展理念,要统筹考虑需要和可能，按照经济社会发展规律循序渐进，自觉主动解决地区差距、城乡差距、收入差距等问题，不断增强人民群众获得感、幸福感、安全感,要根据新发展阶段的新要求，坚持问题导向，更加精准地贯彻新发展理念，举措要更加精准务实，切实解决好发展不平衡不充分的问题，真正实现高质量发展,要坚持政治安全、人民安全、国家利益至上有机统一，既要敢于斗争，也要善于斗争，全面做强自己,加快构建新发展格局,● 必须坚持深化供给侧结构性改革这条主线,● 继续完成“三去一降一补”,● 全面优化升级产业结构,● 提升创新能力、竞争力和综合实力,● 增强供给体系的韧性,● 形成更高效率和更高质量的投入产出关系,● 实现经济在高水平上的动态平衡,● 必须更强调自主创新，全面加强对科技创新的部署，集合优势资源，有力有序推进创新攻关的“揭榜挂帅”体制机制，加强创新链和产业链对接,● 建立起扩大内需的有效制度，释放内需潜力,● 加快培育完整内需体系,● 加强需求侧管理,● 扩大居民消费，提升消费层次,● 使建设超大规模的国内市场成为一个可持续的历史过程,● 必须具备强大的国内经济循环体系和稳固的基本盘,● 塑造我国参与国际合作和竞争新优势,● 重视以国际循环提升国内大循环效率和水平,● 改善我国生产要素质量和配置水平,● 推动我国产业转型升级,加强党对社会主义现代化建设的全面领导,贯彻落实党的十九届五中全会精神要同贯彻落实党的十九届四中全会精神紧密结合起来，不断推进国家治理体系和治理能力现代化，推动党对社会主义现代化建设的领导在职能配置上更加科学合理、在体制机制上更加完备完善、在运行管理上更加高效。,对党的十九届五中全会通过的“十四五”规划《建议》，各级领导干部特别是高级干部要原原本本学习、逐条逐段领悟，在整体把握的前提下，突出领会好重点和创新点，发扬理论联系实际的优良学风，立足当前、着眼长远，增强工作积极性、主动性、创造性。,各级领导干部特别是高级干部必须立足中华民族伟大复兴战略全局和世界百年未有之大变局，心怀“国之大者”，不断提高政治判断力、政治领悟力、政治执行力，不断提高把握新发展阶段、贯彻新发展理念、构建新发展格局的政治能力、战略眼光、专业水平，敢于担当、善于作为，把党中央决策部署贯彻落实好。",G050OJB0000189FH,2021-01-12 12:06:32,联播+丨如何“开好局、起好步” 习近平这样要求全党 _网易政务,https://news.163.com/21/0112/12/G050OJB0000189FH.html,https://news.cctv.com/2021/01/11/ARTIyrs1uM9ZXkTY76txnESR210111.shtml
央视网,"“整整三个小时，都是一个‘,’的金玉良言，以及他对我们这些‘年轻书记’的谆谆教导。”六年前的1月12日上午，一场重要座谈会召开，一位与会人员这样感慨。,这位与会人员口中的“老书记”，是习近平总书记。上世纪80年代，习近平曾在河北省正定县担任县委书记，他锐意改革、执政为民，带领正定人民改写“高产穷县”历史，这一事迹于1984年6月17日被《人民日报》大篇幅报道。多年以后，正定人民提起习近平，还会亲切地叫一声“老书记”。,2015年1月12日，北京人民大会堂。习近平总书记主持召开了一场座谈会，与200余位县级“一把手”交流“县委书记经”。这些县级“一把手”都是中央党校第一期县委书记研修班学员，总书记想“听听大家的学习心得和想法”。,座谈会上，听了六位学员发言后，总书记很有感触：“我同大家的感受是一样的，就是县委书记这个岗位很重要，官不大，责任不小、压力不小，这个官不好当。”一句话，一下子拉近了总书记与大家的距离。,怎样才能当好县委书记？,“我一直认为，焦裕禄同志为县委书记树立了榜样。”习近平总书记强调，做县委书记，就要做焦裕禄式的县委书记，要“心中有党、心中有民、心中有责、心中有戒”。,为官一任、造福一方。他要求，“不能干一年、两年、三年还是涛声依旧，全县发展面貌没有变化”。他强调，“要有‘功成不必在我’的境界，一张好的蓝图，只要是科学的、切合实际的、符合人民愿望的，就要像接力赛一样，一棒一棒接着干下去”……,座谈持续了约3个小时，与会人员纷纷表示：“经过总书记的点拨，有方向，有动力，非常兴奋。”,习近平总书记对县委书记队伍建设的关注由来已久。,在他眼中，全国几千个县就像国家这张网上的一个个纽结，“纽结”松动，国家政局就会发生动荡。,郡县治，天下安。,2015年6月30日，在中国共产党94岁生日的前一天，习近平总书记在北京会见了全国优秀县委书记。,灯光璀璨的人民大会堂西大厅里，总书记再次重申了“四有”标准，并进一步提出四点要求，要求广大县委书记做“政治的明白人”“发展的开路人”“群众的贴心人”“班子的带头人”。,那天，时任福建省南平市政和县委书记,也在现场。,“优秀县委书记这个称号太重了，我生怕辜负了党，辜负了老百姓。”他跟同事说：“今后只有更加努力地工作，才能对得起这份荣誉。”,2017年3月，出差途中的一场车祸终止了廖俊波年仅48岁的生命。人生中的最后45天，廖俊波有22个晚上在开会，14个晚上在外出招商或者赶路。噩耗传出，人们日夜怀念：“都说焦裕禄是好干部，我觉得他就是当代的焦裕禄。”,同年4月，习近平总书记对廖俊波同志先进事迹作出重要指示，要求广大党员、干部要向廖俊波同志学习，真心实意为人民造福。,时代呼唤更多的好干部，社会主义伟大事业需要更多的好干部。,“心中有党、心中有民、心中有责、心中有戒”，这是一位“老县委书记”对新一代县委书记群体的深情厚望，也是习近平总书记对广大党员干部的谆谆教诲。",G050RUA3000189FH,2021-01-12 12:08:21,天天学习丨一位“老县委书记”的深情厚望 |廖俊波|老书记_网易政务,https://news.163.com/21/0112/12/G050RUA3000189FH.html,https://news.cctv.com/2021/01/12/ARTIuxgnGigK6hPQqrMY0PR6210112.shtml
,,FVJ8F1AT0001982T,,“男朋友滑雪上瘾后，我失恋了”_谈心社_网易新闻,https://news.163.com/21/0105/14/FVJ8F1AT0001982T.html,
人民日报,制作：王宇峰、李建广、,G050QHO7000189FH,2021-01-12 12:07:36,开年“第一课”，习近平讲清了这些重大问题 |王威_网易政务,https://news.163.com/21/0112/12/G050QHO7000189FH.html,https://wap.peopleapp.com/article/6104387/6014270
,,G055OV670001982T,,这一次，谭松韵又刷新了我的认知_谈心社_网易新闻,https://news.163.com/21/0112/13/G055OV670001982T.html,
参考消息网,"执掌白宫的日子已经屈指可数，,特朗普却困兽犹斗，始终拒绝认输。近日发生的特朗普支持者“冲击国会山”事件，更让政权交接成为一场闹剧。,这场闹剧令自诩“民主灯塔”的美国颜面尽失，而特朗普也为此付出了代价——他的,账号因涉嫌煽动暴力而被“封杀”。,美媒称，推特的决定令特朗普失去了他多年来用以和美国人民直接交流的强大工具。他利用推特宣布政策变化，挑战对手，侮辱敌人，称赞其盟友和他本人，并散布错误信息，煽动暴力，用大写字母谴责他的愤怒目标。,的确，过去四年间，当特朗普权势正盛时，他的个人推特是各国媒体和政府机构等关注的重点，以至于产生了“推特治国”的说法。那时恐怕没多少人能预料到，这位“推特总司令”会落得如此下场。,“推特没有言论自由。”特朗普在个人账号被封之后用美国总统官方账号说道，然而这些推文也迅速被删除。,就在美国多个社交媒体平台、科技巨头把“封杀特朗普”事业搞得如火如荼之际，欧盟政客“设身处地”地想了想，这事不对劲。,例如，德国总理,就认为，推特永久关停特朗普账号的决定是“有问题的”。,“默克尔等欧盟领导人质疑推特‘封杀’特朗普” 报道截图,社交媒体截图,综合路透社、美国政治新闻网站“Politico”欧洲版1月11日报道，推特决定冻结特朗普账号后，默克尔等欧洲领导人纷纷开始强调监管社交媒体公司的必要性。德国总理发言人表示，默克尔对特朗普推特账号被冻结的方式持保留态度，并补充称，应该由立法者（而非私营企业）决定针对“言论自由”的必要限制。,周一，德国政府发言人斯特芬·塞伯特（Steffen Seibert）表示，“（默克尔）总理认为，一名总统的账号被永久冻结是有问题的。”,他称，“（‘言论自由’的）基本权利可以受干预，但要遵循法律规定，并在法律界定的框架内，而不是根据社交媒体平台管理层的决定。”,不过，塞伯特又补充说：“德国政府相信，社交网络运营商有高度责任……来确保政治对话不受仇恨、谎言和暴力煽动毒害。”,而路透社解读认为，,在特朗普执政的四年里，默克尔与他的关系一直很冷淡，这也使得她这次显然站在特朗普一边的做法更加引人注目。,除此以外，法国财政部长勒梅尔（Bruno Le Maire）也在谴责特朗普“谎言”的同时，表达了他对推特能够单方面决定将美国总统赶出平台的不同意见。,周一上午，他在电台节目上表态说：“,”,法国数字事务部门负责人塞德里克·奥（Cedric O）上周末也提出：“主要社交媒体公司仅根据平台‘条款和条件’来监管公共话语的做法……至少从‘民主’角度来看，这似乎有所欠缺。”,报道指出，推特对美国总统采取行动之时,作为这些改革的关键支持者，欧盟专员布雷顿（Thierry Breton）在“Politico”发表评论文章表示，“一名公司CEO可以在没有任何制衡的情况下，突然关闭美国总统的传声筒，这实在令人不解。这不仅证实了这些平台的权力，也展示了社会数字空间组织方式的深层弱点。”,欧盟外交政策负责人博雷尔（Josep Borrell）则在一篇博客文章中写道，欧洲需要“能够在更好规范社交网络内容的同时，谨慎地尊重‘言论自由’。这方面的管理不可能主要根据私人主体制定的规则和程序来执行。”,欧洲议会最大跨国党团“欧洲人民党”主席韦伯（Manfred Weber）对此表示赞同称，“欧盟一定不能任由脸书和推特来决定其平台（内容）可接受范围。”,“我们不能留着让美国大型科技公司来决定，我们该讨论或不该讨论什么，以及在‘民主’交流中可以或不可以说什么。我们需要更严格的监管手段。”,当地时间1月8日晚，推特公司以“推文存在煽动暴力风险”为由，将特朗普的个人账号（@realdonaldtrump）永久封禁。随后，特朗普“换马甲”发推回应，却又再遭推特“无情追杀”。,不仅如此，当天大量与美国右翼阴谋论组织有关的账号也遭到推特封禁，这让许多特朗普的支持者选择另觅他处。,特斯拉首席执行官、新任世界首富埃隆·马斯克发推暗讽称，美国西海岸的科技公司们已经成为言论自由“事实上的裁决者”了。,此前，马斯克也曾多次抨击亚马逊与脸书的言论审查制度，并表示这是一种“垄断”，是“错误的”。,特斯拉首席执行官、新任世界首富埃隆·马斯克,当地时间1月11日，讽刺新闻网站The Babylon Bee发布题为《邪恶的法西斯统治者遭受审查，并被投票下台》一文，调侃美国各大科技公司联合压制特朗普一事。,文中写道，“苹果、推特和脸书在协同努力反对特朗普及其所有支持者的过程中，因其对权力的全面攫取和对自由的前所未有的压制而受到赞扬。”,该文发布不久后，马斯克转发该文并表示，许多人会对美国西海岸科技公司们充当言论自由事实上的裁决者而感到不满的。,经检索，亚马逊总部位于华盛顿州西雅图，推特总部位于加州旧金山，脸书总部位于加州门洛帕克，苹果总部位于加州库比蒂诺，四地均在美国西海岸。,而且，在历届美国总统大选中，加州与华盛顿州向来都是支持民主党的“深蓝州”。,2020美国总统大选当晚与最终结果，加州与华盛顿州均为“蓝色” 来源：USA TODAY,事实上，早在2020年6月，马斯克就吐槽过美国科技公司对言论自由的审查问题。,当时，亚马逊下架了一本题为《新冠病毒和封锁措施背后未公开的真相》的电子书，原因是书中内容不符合亚马逊的指导方针（guidelines）。,据悉，这本书的作者质疑这种病毒是否像公共卫生专家所说的那样致命，而且这位作者一直都是新冠疫情封锁措施的反对者，曾公开表示新冠疫情的风险以及该疫情的致死率远比媒体报道的低很多。,此事曝光后，马斯克为这位作者感到不平，发推吐槽：“亚马逊该被分拆了！垄断是错误的！”,值得注意的是，当时，亚马逊创始人杰夫·贝索斯（Jeff Bezos）还是世界首富。,现如今，马斯克已于美东时间1月7日，以1948亿美元的身价超越贝索斯，荣登新任世界首富。,亚马逊下架关于疫情的观点就已经让马斯克十分不爽了，自然更不用说其他科技公司对特朗普的“压制”之举了。,当地时间1月7日，马斯克还吐槽脸书封禁特朗普的帐号是“双标”之举。,“这就是多米诺效应！”马斯克用一张表情包，将脸书的起源与美国国会大厦骚乱事件联系在了一起。,据悉，脸书起源于创始人马克·扎克伯格在2003年就读哈佛大学期间编写的网站Facemash。,他利用黑客技术入侵了学校管理部门的网站，并从中获取了大量学生的档案信息，批量拷贝了学生宿舍门禁卡的照片，最后将这些照片投放到他的Facemash网站里。,网站访问者可以并排比较两张学生的照片，然后做出投票选择：谁更有吸引力。,因此，这张表情包吐槽脸书最早也不过是“一个给校园女生打分的网站”。,马斯克吐槽脸书的表情包，中文翻译为小编添加,在马斯克发推吐槽的几小时前，脸书宣布将无限期封锁特朗普在Facebook和Instagram上的账户，至少维持两周，直到拜登完成权力交接为之。,马克·扎克伯格对此解释道：“我们认为在这段时间内允许总统继续使用我们的服务的风险太大了。”,除了脸书，推特也出手了，当地时间1月8日，推特宣布对特朗普的帐号进行永久封禁（permanent suspension），理由是，经过对特朗普推文内容的审查，认为该帐号存在“进一步煽动暴力的风险”。,此外，另一个社交媒体平台Parler已被亚马逊网络服务（Amazon Web Services）停止提供服务，被迫从互联网上“下架”。,原因在于，该平台是美国保守主义者和特朗普支持者的聚集地，在美国国会大厦遭遇冲击前，该平台用户曾大肆讨论暴力袭击计划，包括如何使用武器攻击“政治敌人”等内容。,亚马逊网络服务告知Parler停止提供服务的邮件内容表示：“对于一个无法有效发现、移除煽动暴力内容的客户，我们无法为其提供服务。”,而且，据美国消费者新闻与商业频道（CNBC）11日报道，Parler方面证实，目前，他们无法找到愿意为其提供服务的供应商。,目前，Parler已提起诉讼，称亚马逊的决定“显然是出于政治敌意”，不仅违反双方的协议，还违反了美国《反垄断法》。,Parler的“自我介绍”写着：一款“言论自由的社交媒体”,
                    ,
                ",G04VD6RG0001899O,2021-01-12 11:42:50,特朗普被“封杀”后 多国猛然惊醒：这是有问题的|唐纳德·特朗普|推特|马斯克|默克尔|美国总统_网易新闻,https://news.163.com/21/0112/11/G04VD6RG0001899O.html,http://www.cankaoxiaoxi.com/in-depth/2021/0111/2431859.shtml
北京日报客户端,"：即日起全市开展全员,检测，实施,7天隔离观察,
                    ,
                ",G04SCDQ40001899O.html?f=post2020_dy_recom,2021-01-12 10:49:59, 河北三河：即日起全市开展全员核酸检测，实施居家7天隔离观察_网易新闻,https://news.163.com/21/0112/10/G04SCDQ40001899O.html?f=post2020_dy_recommends,https://ie.bjd.com.cn/5b165687a010550e5ddc0e6a/contentApp/5b16573ae4b02a9fe2d558f9/AP5ffd0e22e4b06627aed489b7.html
北青社区报通州版,"“家长们不要恐慌！这位家长不是确诊，是弱阳性，而且不在通州。”,昨天（1月11日），通州永顺镇中心小学部分家长接到学校通知称，该校一年级一学生父亲在,二次,检测为弱阳性，该学生作为密接者已进行了隔离。同时，应卫健委要求，该班全体同学居家隔离，并建议其他同学做好疫情防控，有身体不适及时上报。,家长接到的学校通知,北青社区报记者今天联系通州永顺镇中心小学，上午9点左右，校方证实，学校正在就此事召开紧急会议。会议结束后，该校一名负责人详细介绍说：“该名家长12月份以来一直在河北石家庄的低风险地区，仅元旦三天回通州过节，节后再返回石家庄，1月6号，参加群体核酸检测，结果,。10号，参加第二轮核酸检测，11号上午出结果，为弱阳性。”孩子母亲得知结果后，第一时间上报校方。,“要特别感谢这一家人，一直非常配合疫情防控，积极主动上报情况。”该名负责人表示，在6号孩子父亲首次核酸检测后，7、8号，孩子就没有去学校。9号，母子二人去做了核酸检测，结果阴性。,据介绍，目前校方已通知要求孩子所在班级的老师和学生进行居家隔离，下一步，学校将根据上级主管部门要求进行安排。,文/北青社区报记者 凡希",G04UT1PQ00019K82.html?f=post2020_dy_recom,2021-01-12 11:10:51,勿慌！非确诊！通州一小学生家长在石家庄核酸检测弱阳性，校方紧急处理|阴性|抗体_网易新闻,https://news.163.com/21/0112/11/G04UT1PQ00019K82.html?f=post2020_dy_recommends,https://kuaibao.qq.com/getSubNewsContent?id=20210112A04A9U00
新京报,"新京报快讯 据,网信办官方微博消息，2021年1月11日，固安县出现新型冠状病毒肺炎确诊病例，为全面遏制疫情发展势头，有效切断交通运输环节疫情传播，保障人民群众生命安全和身体健康，经研究决定，自即日起固安县城区公交、城乡公交、出租汽车、,班车、汽车客运站、货物运输业、,（场）全部停运，恢复时间根据疫情形势另行确定。,
                    ,
                ",G04QP2F30001899O.html?f=relatedAr,2021-01-12 10:21:56,河北固安：全县客货运全部停运 |固安县|客运|客运站|货运站_网易新闻,https://news.163.com/21/0112/10/G04QP2F30001899O.html?f=relatedArticle,https://m.bjnews.com.cn/detail/161041794415086.html
河北日报客户端,"河北日报1月12日讯（记者张淑会）2021年1月11日0—24时，河北省新增40例本地,确诊病例，其中石家庄市报告39例（2例为无,感染者转为确诊病例），廊坊市报告1例。无新增死亡病例，无新增疑似病例。,1月11日0—24时，河北省新增26例本地无症状感染者，均为石家庄市报告。,截至1月11日24时，河北省现有本地确诊病例305例（危重型1例、重型9例、普通型294例、轻型1例）、境外输入确诊病例2例（普通型）。累计,出院病例367例（含境外输入34例），累计死亡病例6例，累计报告本地确诊病例644例、境外输入病例36例。尚在医学观察本地无症状感染者227例、境外输入无症状感染者5例。,
                    ,
                ",G04LL4A60001899O.html?f=relatedAr,2021-01-12 08:52:24,11日河北新增40例本地确诊病例，石家庄39例 |肺炎|症状|治愈|新型冠状病毒_网易新闻,https://news.163.com/21/0112/08/G04LL4A60001899O.html?f=relatedArticle,http://web.hbrb.hebnews.cn/share/hbrb_share4/news_detail.html?file_type=1&list_style=2&news_id=207204
举报,"@@VIDEO=""http://mobilepics.ws.126.net/HRGNnyn6XUFqPer4LhTBYAzcqSTx3UAw%3D%3DHOC0F30V.mp3,http://mobilepics.ws.126.net/HRGNnyn6XUFqPer4LhTBYAzcqSTx3UAw%3D%3DHOC0F30V.mp3""IMG=""http://cms-bucket.ws.126.net/2021/0107/2811cfcaj00qmjmhb00efc001kq00vuc.jpg""ALT=""雪也能卖钱，成都20元一桶！""BROADCAST=""in""SIZE=""""@@,2021,Someone like you,@@VIDEO=""http://mobilepics.ws.126.net/TLp3GnUpNBXCNo1FM5sbd0EW1RUyr%3DRy%3D%3DHOC0K9KU.mp3,http://mobilepics.ws.126.net/TLp3GnUpNBXCNo1FM5sbd0EW1RUyr%3DRy%3D%3DHOC0K9KU.mp3""IMG=""http://cms-bucket.ws.126.net/2021/0107/8a341c8bj00qmjmlb0014c000g0006kc.jpg""ALT=""someone like you""BROADCAST=""in""SIZE=""""@@,（所有栏目内容推荐均撷取自网友的智慧言辞，仅出于传递信息的目的，不代表网易官方声音。),
                    ,
                ",G021969U000181BR.html?f=post2020_dy_recom,2021-01-11 08:17:52 轻松一刻,轻松一刻语音版：雪也能卖钱，成都20元一桶！|电台|阿黛尔_网易新闻,https://news.163.com/21/0111/08/G021969U000181BR.html?f=post2020_dy_recommends,http://jubao.aq.163.com/
北京日报客户端,"：即日起全市开展全员,检测，实施,7天隔离观察,
                    ,
                ",G04SCDQ40001899O.html?f=relatedAr,2021-01-12 10:49:59, 河北三河：即日起全市开展全员核酸检测，实施居家7天隔离观察_网易新闻,https://news.163.com/21/0112/10/G04SCDQ40001899O.html?f=relatedArticle,https://ie.bjd.com.cn/5b165687a010550e5ddc0e6a/contentApp/5b16573ae4b02a9fe2d558f9/AP5ffd0e22e4b06627aed489b7.html
