以下为今日要闻,
时政微纪录丨穿越时空的中国声音,https://new.qq.com/omn/TWF20210/TWF2021012600598800.html
紧紧牵住核心技术自主创新这个“牛鼻子”,https://new.qq.com/omn/20210125/20210125A0ENZ400.html
多边主义,https://new.qq.com/omn/20210126/20210126A03YNL00.html
反腐败是一场输不起也决不能输的政治斗争,https://new.qq.com/omn/20210124/20210124A01A8S00.html
新春走基层,https://new.qq.com/omn/SJD20210/SJD2021012600531400.html
中国成为2020年全球最大外资流入国,https://new.qq.com/omn/20210125/20210125A00V1K00.html
泪目！争分夺秒，只为你平安！,https://new.qq.com/omn/20210124/20210124A0AEQ600.html
11位受困矿工升井,https://new.qq.com/omn/20210125/20210125A05PSK00.html
一部剧将你拉回抗美援朝战场,https://new.qq.com/omn/20210123/20210123A0CDQZ00.html
谱写一部国家英雄史诗,https://new.qq.com/omn/20210125/20210125A01MA400.html
西藏解决207万农牧民饮水安全,https://new.qq.com/omn/TWF20210/TWF2021012500475600.html
手提箱蕴藏革命本色,https://new.qq.com/omn/20210125/20210125A02WPO00.html
零下42℃极寒中的营林人,https://new.qq.com/omn/20210125/20210125A05MB600.html
戴党徽的“天梯”铁路守隧人,https://new.qq.com/omn/20210125/20210125A00Z9S00.html
以下为今日话题,
2020年反腐“报告”出炉：处分省部级干部27人,https://new.qq.com/omn/20210123/20210126A01FGL00.html
央视新闻,https://new.qq.com/omn/author/58
关于在哪过年，中办国办发文了,https://new.qq.com/omn/20210123/20210126A01DDP00.html
侠客岛,https://new.qq.com/omn/author/26122
环境部批“大跃进式”造景，戳了谁的脸？,https://new.qq.com/omn/20210122/20210125A0CVMT00.html
光明时评,https://new.qq.com/omn/author/9206757
“第一学历偏好”还能破吗？,https://new.qq.com/omn/20210122/20210125A08Z8K00.html
贵圈,https://new.qq.com/omn/author/32
华晨宇承认未婚生子反获好评？,https://new.qq.com/omn/20210122/20210122A0GP9700.html
谷雨,https://new.qq.com/omn/author/5109943
李诞对谈携程老总：脱口秀要天分，创业有风险,https://new.qq.com/omn/20210121/20210121A0E14U00.html
较真,https://new.qq.com/omn/author/5107513
5天吃6斤车厘子“便血”，真的会导致中毒吗？,https://new.qq.com/omn/20210122/20210125A0C84M00.html
以下为热点精选,
服退烧药一路瞒报回国，美国输入病例黎某判了！,https://new.qq.com/omn/20210126/20210126A08FEE00.html
赶超俄罗斯韩国！GDP破11万亿，中国经济第一大省有多强,https://new.qq.com/omn/20210126/20210126A03M0I00.html
采访山东获救矿工的女记者在医院被殴打？本人回应,https://new.qq.com/omn/20210126/20210126A04CNX00.html
封城七日：一位通化志愿者的迷与忙,https://new.qq.com/omn/TWF20210/TWF2021012500222700.html
遛狗拴绳入法，人狗矛盾能解了？,https://new.qq.com/omn/20210126/20210126A08QVJ00.html
较真丨进口车厘子被检出新冠阳性，车厘子还能吃吗？,https://new.qq.com/omn/20210126/20210126A08YSN00.html
民航局：春节期间机票可免费退改,https://new.qq.com/omn/20210126/20210126A070RB00.html
新年首虎！71岁辽宁政协原副主席李文喜落马 曾执掌省公安厅9年,https://new.qq.com/omn/20210126/20210126A05TL600.html
侠客岛：炒作“最大规模共机扰台”，民进党在心虚啥？,https://new.qq.com/omn/20210126/20210126A06RWH00.html
消息称FF最快两周内启动上市，吉利计划投资数千万美元,https://new.qq.com/omn/20210126/20210126A07FGS00.html
谷雨丨知名动物园疫期亏损3000万，为优先动物发不出员工工资,https://new.qq.com/omn/20210126/20210126A04NFC00.html
甘肃通报阳关林场防护林被毁调查：未发现林地大面积减少情况,https://new.qq.com/omn/20210126/20210126A03FS600.html
专家谈“八省联考”：泄题之说是误解，高考难度也与此无关,https://new.qq.com/omn/20210126/20210126A04KGZ00.html
芯片缺货潮、电动车低温趴窝、立讯精密遭337调查…工信部回应热点,https://new.qq.com/omn/FIN20210/FIN2021012600537800.html
“张志超强奸案”改判无罪后获赔332万 曾被羁押5449天,https://new.qq.com/omn/20210126/20210126A01HG600.html
“银行暂停房贷”消息刷屏！刚需族担心：会大面积停贷吗？,https://new.qq.com/omn/FIN20210/FIN2021012200621800.html
消失的比特币：价值千亿美元，催眠、黑客、翻垃圾山也找不回,https://new.qq.com/omn/20210125/20210125A0DUUK00.html
《哈利波特》将拍真人剧集？剧情让人期待，选角或难超越,https://new.qq.com/omn/20210126/20210126A02HK200.html
内部“宫斗”、公开信频出，瑞幸咖啡之争谁是真正赢家？,https://new.qq.com/omn/20210125/20210125A0FZ9G00.html
近半年共15省份在冷链产品中检测到新冠病毒 如何确保冷链安全？,https://new.qq.com/omn/20210124/20210124A0BGHW00.html
印度宣布将永久禁止59款中国APP，包括TikTok、百度等,https://new.qq.com/omn/20210126/20210126A01THH00.html
华为否认将出售两大高端手机业务 芯片余粮支撑关键过渡期,https://new.qq.com/omn/20210125/20210125A0EB1600.html
神话还是笑话？一辆车没交付，恒大一跃成为中国第二大汽车公司,https://new.qq.com/omn/20210125/20210125A0GIZF00.html
2020年反腐“报告”出炉：处分省部级干部27人,https://new.qq.com/omn/20210126/20210126A01FGL00.html
就地过年买好的票怎么退？返乡乘车遇问题怎么办？这些知识春运必备,https://new.qq.com/omn/20210126/20210126A01TY400.html
26省份经济年报：广东首超11万亿，超越俄罗斯、韩国,https://new.qq.com/omn/20210125/20210125A0FJPD00.html
戒尺打手心遭停课致歉，老师该如何惩戒熊孩子？,https://new.qq.com/omn/20210125/20210125A04TN500.html
印度首都进行第五轮新冠抗体检测 超一半被测者结果阳性,https://new.qq.com/omn/TWF20210/TWF2021012600205100.html
因父去世请假8天未获批，强行休假算旷工吗？,https://new.qq.com/omn/20210124/20210124A0087Y00.html
中国多地2020年GDP公布，只剩一个省还没转正,https://new.qq.com/omn/20210125/20210125A0EZ1600.html
返京当天被查！他成了第12个被终止这一资格的“老虎”,https://new.qq.com/omn/20210125/20210125A0ECKC00.html
巴西巴拉那州高速发生客车侧翻事故，已致18人死亡多人受伤,https://new.qq.com/omn/20210126/20210126A00EA900.html
学习小组：敦煌万亩防护林被毁，需要一个明确答案！,https://new.qq.com/omn/20210125/20210125A0DI2O00.html
2021年“首虎”：71岁被查，曾是薄熙来任内的公安厅长,https://new.qq.com/omn/20210125/20210125A0G0FD00.html
女子在群内骂社区支书是“草包”，对方报警后她被跨市铐走拘留3日,https://new.qq.com/omn/20210125/20210125A0DXA900.html
华裔“亚洲毒王”在荷兰落网：雇泰拳手做保镖 澳门赌场一夜输4亿,https://new.qq.com/omn/20210125/20210125A0ESPH00.html
“错换人生28年”案明日二审：姚策已立好遗嘱 拒与医院和解,https://new.qq.com/omn/20210125/20210125A0D0KJ00.html
大连致3死6伤燃气燃爆事故：死者为一家三口 官方成立调查组,https://new.qq.com/omn/20210125/20210125A0CKQ800.html
侠客岛：环境部批“大跃进式”造景，戳了谁的脸？,https://new.qq.com/omn/20210125/20210125A0CVMT00.html
男子出狱后讨薪称被通缉期间单位发了工资，单位回应,https://new.qq.com/omn/20210125/20210125A0EUUZ00.html
官宣！兰帕德正式被切尔西解雇！开翻8亿航母，新帅浮出水面,https://new.qq.com/omn/20210125/20210125A0CYBK00.html
Android版微信8.0正式开放下载,https://new.qq.com/omn/TEC20210/TEC2021012500808400.html
明星办助学班被批做秀，他回怼：总比做其他秀好,https://new.qq.com/omn/20210122/20210122A0EZVD00.html
香港将开启mRNA新冠疫苗紧急使用 发言人称体弱老人也可接种,https://new.qq.com/omn/20210125/20210125A0DE4R00.html
地下代孕“流水线”：“手术室”里的孕妈、卵妹和被退单的弃婴,https://new.qq.com/omn/20210125/20210125A0AU3J00.html
“厕所沉尸案”男子被羁押4378天后改判无罪 获国家赔偿近205万,https://new.qq.com/omn/20210125/20210125A0ANQY00.html
拆箱卖的茅台浑身是宝：1个纸箱500元难求 绷带、夹板都能卖,https://new.qq.com/omn/20210125/20210125A0792B00.html
各地留人就地过年新招：苏州落户加15分，合肥经开区每人补贴2千元,https://new.qq.com/omn/20210125/20210125A09X6K00.html
巴西一足球队遭遇空难：俱乐部主席和四名球员全部遇难,https://new.qq.com/omn/20210125/20210125A067JW00.html
错换人生28年案明日二审开庭 姚策建议提高我国精神损害标准,https://new.qq.com/omn/20210125/20210125A08AE600.html
蓝天立当选广西壮族自治区主席,https://new.qq.com/omn/20210125/20210125A08THJ00.html
加媒：加拿大驻华大使获准对康明凯“视频探视”,https://new.qq.com/omn/20210125/20210125A06YSF00.html
昆明劫持案：被劫男孩大喊关门保护其他人，一民警下跪求交换人质,https://new.qq.com/omn/TWF20210/TWF2021012300936800.html
被网暴的抗癌UP主，“用死证明了自己的病”,https://new.qq.com/omn/20210125/20210125A04KRT00.html
外媒炒作：不光是南海填岛，解放军在海南的军力部署也大幅度增强,https://new.qq.com/omn/20210125/20210125A04BOW00.html
文化和旅游部原副部长李金早被“双开”：家风败坏，生活腐化,https://new.qq.com/omn/20210125/20210125A03QW900.html
买了1月1日后生产的正大食品怎么办？哈尔滨疾控中心回应,https://new.qq.com/omn/20210125/20210125A075U100.html
连麦张小龙：谈微信8.0背后的思考,https://new.qq.com/omn/TEC20210/TEC2021012500510400.html
北水买疯了！港股站稳3万点，腾讯、美团、京东、网易均创历史新高,https://new.qq.com/omn/20210125/20210125A01HSJ00.html
湖南22岁女子坐网约车后失联 遗体已从附近水域打捞上岸,https://new.qq.com/omn/20210124/20210124A0BLLK00.html
湖南落马副省长两千万建豪宅山庄 清官老父亲至死未踏进半步,https://new.qq.com/omn/20210124/20210124A0BEJL00.html
贪污父子兵！大儿子一次收人200万，二儿子买衣服一次花掉几十万,https://new.qq.com/omn/20210124/20210124A0BEID00.html
一箭143星！SpaceX成功打破单次发射卫星数量最高纪录,https://new.qq.com/omn/20210124/20210124A0BXQU00.html
骑手何以走极端？每月出勤少于26天就罚两百，巨头用外包逃责任？,https://new.qq.com/omn/20210124/20210124A0BOTG00.html
一架由哈尔滨飞往广州的航班备降首都机场 首都航空回应,https://new.qq.com/omn/20210124/20210124A0BUHM00.html
影院限流、近千场演出取消或延期，春节档怎么办？,https://new.qq.com/omn/20210125/20210125A003W000.html
“严书记”痛哭出镜：我如果再晚点落马，女儿可能更加跋扈,https://new.qq.com/omn/20210124/20210124A0A9SG00.html
广西南宁母女三人坠楼身亡 33岁母亲有精神病史近期有自杀倾向,https://new.qq.com/omn/20210124/20210124A0BJGV00.html
不良网游、“丧文化”侵蚀00后，多位委员呼吁加速净化网络环境,https://new.qq.com/omn/20210125/20210125A0090X00.html
多地对拒服兵役人员联合惩戒：不得录用为公务员，列为失信人,https://new.qq.com/omn/20210124/20210124A09NNC00.html
长江重点水域10年禁渔开启，已上岸的30万渔民怎么办？,https://new.qq.com/omn/20210122/20210122A0AYQ500.html
广西南宁一辆小汽车与9辆电动自行车发生碰撞 已致4死6伤,https://new.qq.com/omn/20210124/20210124A05N1U00.html
没有年终奖还回不了家，这届互联网打工人有多难？,https://new.qq.com/omn/20210124/20210124A01RO100.html
海南2024年底前完成全岛封关准备，封关是啥？剁手党还能买买买吗？,https://new.qq.com/omn/20210124/20210124A0A5RT00.html
再次刷新纪录！15架次解放军军机进入台“西南空域”,https://new.qq.com/omn/20210124/20210124A08XXY00.html
中央纪委增选两位副书记！曾拿下苏荣女婿的“老纪检”进京,https://new.qq.com/omn/20210124/20210124A08MF300.html
两头婚现实忧喜：彩礼无论多贵重总会被送还，有夫妻因孩子姓氏离婚,https://new.qq.com/omn/20210124/20210124A05Z2600.html
烟草高官被抓当天喝50年茅台，腐败案背后屡现茅台，中纪委发文,https://new.qq.com/omn/20210124/20210124A08P3100.html
这家银行董事长被查！7个月前最后一次露面，当地有多名金融官员落马,https://new.qq.com/omn/20210124/20210124A021WR00.html
“代孕”违法，冷冻卵子为何在我国有限开放？来听律师解读！,https://new.qq.com/omn/20210124/20210124A06G7200.html
美航母进南海后，美国务院又对台湾指手画脚,https://new.qq.com/omn/20210124/20210124A06P4F00.html
诡异视频引警方介入 “冒险王”家人：落水时间与视频拍摄差一小时,https://new.qq.com/omn/20210124/20210124A04DTG00.html
“饿死的B站UP主”人生另一面：家境尚可 因违法多次被拘留,https://new.qq.com/omn/TEC20210/TEC2021012300587500.html
官方深夜发通报后，女副市长周日现场道歉,https://new.qq.com/omn/20210124/20210124A04FLL00.html
富士康越南建厂背后：当地工人月入2000，是中国三分之一,https://new.qq.com/omn/20210124/20210124A02WUY00.html
两次成“老赖”：9岁女孩的幸与不幸,https://new.qq.com/omn/20210123/20210123A0DMM200.html
解放军13架军机巡航台西南空域当天，美“罗斯福”号航母闯南海,https://new.qq.com/omn/20210124/20210124A0304600.html
武汉市长换人：周先旺转岗政协，程用文接棒晋升副省级,https://new.qq.com/omn/20210124/20210124A03QAD00.html
牛弹琴：拜登第一次电话外交，对方暗暗在叫苦！,https://new.qq.com/omn/20210124/20210124A020FR00.html
喻红秋、傅奎当选中央纪委副书记,https://new.qq.com/omn/20210124/20210124A06H2N00.html
长沙警方通报“女子乘网约车后失联”事件：初步排除非法侵害可能,https://new.qq.com/omn/20210124/20210124A03TON00.html
神秘的“泰山会”解散！大佬成员们今何在？,https://new.qq.com/omn/20210123/20210123A0627I00.html
山西临汾原公安副局长李光辉涉黑 警方十日内二次征集线索,https://new.qq.com/omn/20210124/20210124A02FD200.html
副省长抗疫走过场酿夺命事故：我很内疚,https://new.qq.com/omn/20210123/20210123A0CSF500.html
敦煌毁林事件调查：2年前即被提起公益诉讼 法院坚持调解,https://new.qq.com/omn/20210123/20210123A0CKPD00.html
一天13架次！台军方证实解放军罕见出动大批战机进入台湾空域,https://new.qq.com/omn/20210124/20210124A01DWM00.html
能用信用卡分期绝不一次付清的95后：25岁我欠债45万,https://new.qq.com/omn/20210123/20210123A0DBCR00.html
当你生的孩子，不是你的孩子,https://new.qq.com/omn/20210123/20210123A06WKM00.html
这届打工人，回家过年都这么难,https://new.qq.com/omn/20210124/20210124A01DAA00.html
起底陨石江湖：宣称泡水可治病，卖假陨石比卖真陨石赚钱,https://new.qq.com/omn/20210123/20210123A0BQUF00.html
